cliente_id,dispositivo_id,primer_uso,ultimo_uso,veces_uso,confianza_dispositivo,activo
C000001,D000698,2025-07-24,2025-12-02T20:11:27Z,379,0.85,true
C000001,D000317,2025-12-04,2026-03-08T12:12:28Z,909,0.88,true
C000002,D000415,2022-06-05,2025-10-22T06:27:43Z,1027,0.73,true
C000002,D000796,2022-06-04,2023-06-30T13:52:13Z,1057,0.9,true
C000003,D000021,2022-04-04,2025-08-31T21:56:25Z,341,0.77,false
C000004,D000370,2026-02-15,2026-03-21T06:11:12Z,1622,0.78,true
C000005,D000885,2020-06-25,2022-03-25T01:11:31Z,1094,0.82,true
C000006,D000161,2025-08-14,2026-01-15T08:02:48Z,395,0.93,true
C000006,D000434,2025-10-23,2026-03-02T22:55:04Z,1345,0.75,true
C000007,D000839,2025-07-29,2025-11-26T17:38:47Z,73,0.87,true
C000007,D000339,2025-12-31,2026-03-08T05:57:37Z,336,0.86,true
C000008,D000131,2019-11-25,2020-11-09T00:03:24Z,1270,0.7,true
C000009,D000329,2026-01-21,2026-04-06T23:44:23Z,730,0.9,true
C000010,D000094,2024-08-08,2025-02-26T19:30:27Z,1135,0.74,true
C000011,D000655,2025-04-07,2026-03-24T05:46:53Z,989,0.76,true
C000012,D000273,2026-03-30,2026-04-14T18:30:26Z,1027,0.87,true
C000012,D000705,2026-02-19,2026-04-15T19:32:32Z,41,0.89,true
C000013,D000255,2026-03-22,2026-03-29T09:39:41Z,890,0.75,true
C000013,D000206,2024-10-06,2025-04-06T13:21:01Z,1136,0.87,true
C000014,D000124,2020-10-24,2022-07-04T10:03:24Z,611,0.76,true
C000015,D000393,2021-02-07,2021-09-18T19:19:34Z,227,0.94,true
C000015,D000371,2025-07-21,2026-04-20T08:03:00Z,1775,0.99,true
C000016,D000083,2025-04-30,2025-11-16T04:27:17Z,653,0.94,true
C000017,D000754,2020-04-14,2021-05-26T02:46:40Z,874,0.97,true
C000018,D000730,2022-05-06,2023-01-27T14:47:30Z,1484,0.79,true
C000019,D000760,2024-07-16,2025-10-16T12:35:10Z,970,0.92,true
C000019,D000120,2025-03-01,2025-05-07T19:51:21Z,143,0.7,true
C000020,D000301,2025-04-29,2025-09-04T01:11:05Z,1153,0.54,true
C000021,D000031,2025-11-28,2026-01-04T19:43:16Z,339,0.88,true
C000022,D000326,2023-02-18,2024-01-31T23:15:49Z,1077,0.55,true
C000022,D000153,2023-06-10,2024-11-21T07:34:53Z,1797,0.68,true
C000023,D000619,2023-02-06,2025-11-19T14:19:50Z,311,0.8,true
C000024,D000289,2026-02-15,2026-03-22T06:40:59Z,1126,0.92,false
C000025,D000735,2024-07-09,2025-12-04T21:01:03Z,1606,0.78,true
C000026,D000858,2026-03-27,2026-04-03T15:59:28Z,1508,0.82,true
C000027,D000041,2023-02-15,2023-07-26T06:49:33Z,883,0.67,true
C000028,D000219,2025-06-19,2025-12-06T20:59:15Z,1018,0.87,true
C000028,D000262,2021-07-07,2025-09-19T23:37:57Z,266,0.87,true
C000029,D000057,2022-12-17,2025-06-29T13:56:14Z,1532,0.81,true
C000030,D000585,2025-04-11,2026-03-26T21:03:36Z,988,0.76,true
C000031,D000813,2025-03-29,2026-03-07T16:33:16Z,1572,0.96,true
C000032,D000040,2024-07-29,2025-05-29T08:57:17Z,1059,0.92,true
C000033,D000567,2025-12-21,2025-12-27T14:36:04Z,821,0.97,true
C000033,D000764,2023-03-01,2026-01-15T22:45:15Z,1430,0.98,true
C000034,D000148,2021-10-28,2022-09-04T19:48:19Z,1160,0.94,true
C000035,D000473,2026-02-11,2026-02-24T15:17:19Z,82,0.57,true
C000036,D000852,2021-03-07,2021-09-02T00:15:29Z,1025,0.96,true
C000037,D000835,2025-04-10,2026-01-30T00:30:32Z,1055,0.85,true
C000037,D000566,2025-04-19,2025-12-01T08:00:04Z,807,0.82,true
C000038,D000703,2023-07-06,2024-02-06T01:24:27Z,216,0.52,true
C000039,D000693,2023-05-30,2025-01-20T02:20:44Z,1185,0.84,true
C000039,D000595,2025-08-27,2025-10-29T15:17:18Z,1278,0.79,true
C000040,D000283,2021-09-04,2022-10-05T00:01:09Z,414,0.91,true
C000041,D000266,2025-08-26,2025-09-15T00:44:36Z,1352,0.94,true
C000042,D000578,2025-02-09,2025-06-22T04:10:20Z,916,0.7,true
C000042,D000111,2024-12-10,2025-07-07T00:16:10Z,86,0.88,true
C000043,D000441,2025-04-17,2025-08-08T10:19:24Z,803,0.73,true
C000044,D000602,2024-10-22,2025-10-04T00:18:50Z,1233,0.91,true
C000044,D000163,2023-08-03,2023-09-22T16:20:28Z,54,0.92,true
C000045,D000167,2023-10-19,2024-05-12T14:44:57Z,1168,0.77,true
C000046,D000049,2025-10-09,2026-03-15T22:44:58Z,1721,0.55,false
C000046,D000100,2022-02-25,2025-04-04T20:40:14Z,358,0.89,true
C000047,D000126,2026-04-06,2026-04-19T23:14:27Z,1795,0.66,true
C000047,D000623,2026-04-06,2026-04-10T13:48:20Z,359,0.94,true
C000048,D000764,2026-03-27,2026-04-17T19:29:46Z,1336,0.89,true
C000049,D000205,2025-05-31,2026-03-05T05:30:00Z,429,0.89,true
C000050,D000468,2022-06-25,2024-10-15T19:06:21Z,741,0.68,false
C000050,D000311,2026-02-18,2026-03-04T16:21:34Z,1613,0.77,true
C000051,D000155,2025-06-30,2026-03-16T11:22:34Z,328,0.99,true
C000052,D000622,2025-06-20,2025-12-14T20:58:43Z,1031,0.83,true
C000053,D000420,2025-05-12,2025-08-30T11:16:07Z,754,0.84,true
C000054,D000781,2025-07-16,2025-08-25T15:21:22Z,511,0.87,true
C000055,D000276,2023-04-03,2024-05-07T04:17:10Z,1364,0.86,false
C000056,D000115,2023-11-12,2025-04-11T07:23:24Z,1110,0.78,true
C000057,D000834,2024-09-19,2025-04-09T06:14:00Z,554,0.92,true
C000058,D000744,2025-09-18,2026-03-31T15:21:46Z,1138,0.87,false
C000059,D000296,2025-07-28,2025-08-14T01:32:44Z,1498,0.93,true
C000059,D000254,2025-08-16,2026-03-13T07:25:57Z,822,0.69,true
C000060,D000231,2025-11-05,2026-03-05T22:43:33Z,1355,0.99,true
C000061,D000500,2025-07-10,2025-07-22T13:49:49Z,1456,0.58,true
C000062,D000541,2023-02-23,2026-03-29T14:31:22Z,1737,0.91,true
C000063,D000320,2023-04-08,2025-08-14T07:02:05Z,1397,0.85,false
C000064,D000200,2021-11-24,2022-04-01T07:52:20Z,1553,0.65,true
C000065,D000540,2026-02-28,2026-03-15T20:26:15Z,591,0.85,true
C000066,D000090,2025-11-29,2025-12-24T03:59:26Z,1146,0.86,true
C000066,D000330,2026-02-13,2026-04-13T15:59:31Z,101,0.59,true
C000067,D000062,2025-12-04,2026-03-07T08:40:27Z,253,0.77,true
C000068,D000865,2018-10-30,2024-07-05T10:53:00Z,1709,0.64,true
C000069,D000147,2023-09-15,2025-11-20T02:19:13Z,1151,0.86,true
C000070,D000265,2023-07-14,2024-09-13T05:59:56Z,1142,0.81,true
C000071,D000407,2019-03-28,2026-02-05T23:57:15Z,457,0.82,true
C000072,D000814,2022-12-02,2026-03-29T01:17:22Z,1300,0.7,false
C000072,D000033,2024-03-17,2025-04-28T04:28:41Z,1479,0.86,true
C000073,D000437,2022-01-23,2024-07-26T07:24:36Z,1445,0.99,true
C000073,D000852,2022-06-24,2025-10-25T10:20:51Z,709,0.97,true
C000074,D000238,2025-10-06,2025-11-05T02:22:22Z,482,0.8,false
C000075,D000107,2025-03-21,2025-05-24T19:23:59Z,39,0.85,true
C000076,D000792,2026-03-23,2026-04-07T21:12:31Z,713,0.87,true
C000076,D000182,2024-12-30,2025-02-08T20:06:18Z,650,0.98,true
C000077,D000145,2022-10-01,2023-03-14T18:29:58Z,1421,0.79,true
C000078,D000837,2024-08-29,2026-02-08T04:03:23Z,1158,0.61,true
C000079,D000181,2026-01-19,2026-02-03T04:58:47Z,1357,0.67,true
C000079,D000254,2026-03-24,2026-04-16T23:03:50Z,22,0.68,true
C000080,D000761,2023-08-13,2025-10-29T05:03:30Z,805,0.9,false
C000081,D000561,2025-10-31,2025-11-13T22:43:52Z,1179,0.74,false
C000082,D000261,2022-01-28,2025-03-16T12:17:23Z,1295,0.73,false
C000083,D000138,2025-12-14,2026-02-16T16:10:13Z,850,0.73,true
C000084,D000768,2024-05-27,2025-01-17T00:13:07Z,565,0.97,true
C000085,D000023,2025-11-13,2025-11-26T06:00:19Z,28,0.93,true
C000086,D000323,2023-12-14,2024-05-23T18:43:51Z,1719,0.58,true
C000087,D000521,2024-05-15,2024-08-05T17:20:23Z,426,0.67,true
C000088,D000798,2024-07-01,2024-11-14T03:38:58Z,379,0.78,true
C000088,D000047,2026-01-20,2026-04-06T22:40:37Z,1613,0.73,true
C000089,D000782,2025-10-14,2026-02-24T22:05:30Z,1422,0.81,true
C000090,D000110,2023-10-13,2025-07-18T16:21:12Z,1706,0.8,true
C000091,D000133,2021-11-14,2023-06-07T23:57:19Z,652,0.79,true
C000092,D000651,2025-03-16,2025-12-20T20:35:53Z,796,0.72,true
C000093,D000621,2024-11-03,2024-12-11T16:57:55Z,283,0.96,false
C000094,D000060,2026-02-14,2026-03-22T12:14:36Z,1783,0.78,true
C000095,D000566,2025-08-02,2026-04-07T14:41:19Z,1030,0.87,true
C000096,D000775,2023-05-13,2024-05-29T05:13:00Z,1666,0.69,true
C000097,D000725,2023-08-15,2024-02-08T15:46:48Z,1677,0.78,true
C000098,D000162,2023-10-30,2025-12-18T18:45:14Z,932,0.94,true
C000099,D000817,2021-01-16,2025-02-03T15:33:27Z,1507,0.81,true
C000100,D000156,2024-08-02,2025-03-24T23:54:52Z,1010,0.95,true
C000101,D000416,2022-06-19,2022-12-11T03:06:56Z,771,0.89,true
C000101,D000358,2024-02-04,2025-09-08T22:26:14Z,1115,0.94,true
C000102,D000053,2024-05-10,2025-08-12T09:15:42Z,1564,0.67,true
C000103,D000515,2023-10-01,2023-10-26T16:09:47Z,1562,0.96,true
C000104,D000186,2026-03-26,2026-04-14T11:44:09Z,1419,0.98,true
C000105,D000598,2020-03-17,2020-03-26T04:41:45Z,723,0.84,true
C000106,D000121,2024-11-27,2026-03-25T07:25:42Z,1027,0.76,false
C000107,D000218,2025-12-10,2026-01-24T02:34:29Z,1266,0.77,true
C000107,D000775,2019-08-21,2025-02-19T13:45:33Z,400,0.81,true
C000108,D000281,2021-03-03,2022-09-24T00:45:01Z,1348,0.99,true
C000108,D000550,2024-06-10,2025-09-06T11:22:10Z,656,0.87,true
C000109,D000557,2022-08-17,2025-08-03T00:55:04Z,1172,0.97,true
C000110,D000647,2025-03-04,2025-12-30T05:17:21Z,1079,0.72,true
C000111,D000132,2024-05-11,2024-12-22T05:56:19Z,878,0.92,true
C000112,D000095,2019-08-31,2022-05-31T10:40:39Z,307,0.79,true
C000113,D000642,2021-07-10,2022-03-21T14:44:05Z,1520,0.8,true
C000114,D000486,2023-08-15,2026-04-08T04:13:46Z,16,0.94,true
C000115,D000529,2022-02-15,2025-04-07T14:31:23Z,1615,0.76,true
C000116,D000151,2025-12-07,2026-01-05T18:46:06Z,339,0.77,true
C000117,D000542,2023-04-03,2024-10-15T02:07:17Z,1696,0.84,true
C000118,D000226,2026-03-27,2026-04-17T22:56:20Z,20,0.95,true
C000119,D000054,2022-06-20,2025-10-01T12:42:46Z,837,0.8,true
C000120,D000277,2024-05-21,2025-08-11T01:35:46Z,1238,0.65,true
C000121,D000316,2023-03-24,2025-02-24T23:23:33Z,882,0.72,true
C000122,D000319,2023-03-15,2024-01-19T19:45:34Z,881,0.92,true
C000123,D000767,2025-12-19,2026-02-10T15:39:02Z,939,0.78,true
C000124,D000232,2023-11-29,2024-04-01T19:57:53Z,1773,0.87,true
C000124,D000219,2022-09-30,2024-07-28T07:51:47Z,1157,0.91,true
C000125,D000295,2024-04-13,2025-01-08T22:13:51Z,136,0.99,false
C000125,D000220,2023-11-23,2025-04-22T23:35:16Z,379,0.76,true
C000126,D000379,2020-11-09,2021-05-31T04:17:35Z,1587,0.66,true
C000126,D000875,2025-01-20,2025-02-15T21:31:19Z,1141,0.83,true
C000127,D000146,2022-03-02,2023-04-21T21:08:05Z,221,0.95,true
C000128,D000408,2026-02-13,2026-03-25T09:58:22Z,542,0.75,true
C000129,D000870,2021-08-19,2023-09-05T07:40:28Z,893,0.87,true
C000130,D000194,2023-09-12,2026-03-21T08:01:47Z,1364,0.83,true
C000130,D000773,2021-03-04,2024-02-05T12:45:05Z,1293,0.88,true
C000131,D000640,2018-07-31,2024-04-29T22:33:12Z,1106,0.9,true
C000132,D000308,2023-09-21,2024-05-21T18:08:36Z,1504,0.86,true
C000132,D000899,2023-01-24,2024-08-17T07:10:15Z,601,0.6,true
C000133,D000686,2020-08-11,2025-08-04T10:49:43Z,576,0.72,true
C000134,D000424,2022-08-27,2024-12-19T03:39:09Z,166,0.72,true
C000135,D000544,2024-09-03,2025-01-08T14:49:59Z,885,0.85,true
C000135,D000485,2022-07-10,2022-11-14T23:20:09Z,1474,0.99,true
C000136,D000125,2025-10-18,2026-01-11T12:29:10Z,148,0.52,true
C000137,D000001,2025-12-23,2026-04-21T05:48:44Z,220,0.86,true
C000138,D000445,2025-12-06,2026-02-22T17:08:39Z,262,0.8,true
C000138,D000622,2024-01-26,2024-08-22T18:21:11Z,202,0.82,true
C000139,D000350,2026-03-23,2026-04-02T16:36:13Z,598,0.84,true
C000140,D000059,2024-03-12,2025-09-15T15:04:41Z,1582,0.99,true
C000141,D000259,2023-03-20,2026-02-26T11:52:30Z,296,0.97,false
C000141,D000653,2022-11-28,2023-02-03T06:27:15Z,701,0.82,true
C000142,D000233,2025-07-02,2026-03-10T10:30:37Z,1245,0.87,true
C000143,D000183,2025-07-16,2026-01-16T15:10:36Z,1765,0.77,true
C000144,D000089,2022-10-27,2025-06-22T01:47:32Z,1688,0.85,true
C000145,D000334,2021-07-08,2021-08-13T03:18:41Z,393,0.9,true
C000146,D000116,2025-05-29,2025-08-02T05:08:02Z,413,0.75,true
C000147,D000388,2022-08-09,2023-04-22T15:39:57Z,298,0.81,true
C000148,D000376,2020-11-20,2023-04-11T07:10:58Z,183,0.88,true
C000148,D000794,2023-02-03,2023-10-08T20:15:12Z,586,0.83,true
C000149,D000275,2022-01-26,2025-12-11T16:48:40Z,942,0.88,true
C000149,D000776,2025-10-07,2025-12-18T23:53:32Z,1324,0.84,true
C000150,D000533,2022-08-03,2022-08-23T23:22:33Z,304,0.91,true
C000150,D000728,2025-08-19,2025-09-24T19:27:13Z,1691,0.87,true
C000151,D000157,2025-08-09,2025-11-14T08:05:55Z,1283,0.89,true
C000152,D000448,2025-03-16,2026-02-02T16:44:05Z,1059,0.84,true
C000153,D000330,2025-09-11,2025-10-01T07:05:34Z,1583,0.48,true
C000154,D000523,2025-04-23,2026-04-20T15:08:47Z,832,0.75,true
C000155,D000656,2023-11-03,2024-12-31T02:01:00Z,1354,0.66,true
C000156,D000789,2024-12-03,2026-02-10T15:19:04Z,1643,0.79,true
C000157,D000564,2024-10-14,2025-02-04T23:34:46Z,640,0.84,true
C000158,D000849,2018-11-05,2023-02-09T10:34:11Z,1432,0.96,true
C000158,D000178,2024-06-25,2025-05-21T13:10:58Z,79,0.87,true
C000159,D000160,2022-07-20,2025-08-04T06:39:44Z,1649,0.95,true
C000160,D000034,2023-08-16,2024-05-25T00:44:27Z,169,0.9,true
C000161,D000478,2025-07-30,2025-08-17T18:14:10Z,895,0.94,true
C000162,D000862,2021-03-29,2025-09-19T00:55:48Z,34,0.75,true
C000163,D000586,2023-01-18,2023-10-07T15:04:42Z,1664,0.78,true
C000163,D000432,2022-01-30,2024-03-17T23:47:45Z,452,0.71,true
C000164,D000524,2024-01-08,2024-04-10T19:18:21Z,798,0.91,true
C000165,D000646,2023-02-24,2024-04-09T10:54:23Z,1233,0.81,true
C000166,D000346,2022-07-29,2024-02-02T03:29:11Z,1222,0.85,true
C000167,D000224,2022-01-02,2025-09-03T00:07:42Z,225,0.73,true
C000168,D000763,2025-07-06,2026-02-11T01:02:16Z,204,0.77,true
C000169,D000784,2021-02-03,2024-03-11T05:09:03Z,741,0.86,true
C000170,D000517,2024-10-24,2026-03-11T22:02:46Z,473,0.83,true
C000170,D000034,2025-06-07,2025-10-30T11:02:15Z,1188,0.73,true
C000171,D000480,2026-01-31,2026-04-19T22:50:16Z,1550,0.57,true
C000172,D000367,2026-03-15,2026-03-24T21:03:04Z,269,0.79,true
C000173,D000321,2023-06-08,2024-07-05T22:20:40Z,994,0.92,true
C000173,D000109,2024-12-24,2025-02-19T11:31:12Z,971,0.78,true
C000174,D000753,2025-07-02,2026-02-10T20:27:59Z,1779,0.95,true
C000174,D000185,2025-09-24,2025-11-03T11:04:43Z,1708,0.86,true
C000175,D000029,2022-09-18,2024-06-08T06:21:49Z,541,0.79,true
C000176,D000838,2022-02-03,2024-04-12T20:48:22Z,300,0.81,false
C000176,D000867,2026-01-20,2026-04-16T01:30:44Z,966,0.85,true
C000177,D000411,2024-06-30,2024-08-27T04:38:53Z,292,0.84,false
C000177,D000460,2023-11-23,2025-12-20T19:25:39Z,233,0.98,true
C000178,D000179,2025-08-25,2025-11-14T02:01:01Z,616,0.84,true
C000179,D000302,2022-09-27,2024-03-08T08:51:39Z,148,0.86,false
C000180,D000269,2026-01-01,2026-01-08T04:36:41Z,1615,0.98,false
C000181,D000013,2020-10-18,2024-12-18T16:43:22Z,1074,0.64,false
C000182,D000893,2023-07-05,2024-02-04T22:37:39Z,246,0.74,true
C000183,D000019,2021-09-24,2025-08-29T07:24:40Z,29,0.96,true
C000183,D000577,2025-10-08,2026-02-08T20:12:19Z,333,0.99,true
C000184,D000227,2022-01-24,2025-10-23T07:23:19Z,1545,0.64,true
C000185,D000845,2026-02-11,2026-02-23T06:39:47Z,1584,0.91,true
C000186,D000680,2025-10-13,2026-02-27T21:15:12Z,1067,0.82,true
C000187,D000278,2024-03-23,2024-06-16T19:39:38Z,1430,0.99,true
C000188,D000427,2023-10-12,2026-02-17T20:52:57Z,1704,0.99,true
C000189,D000597,2026-02-27,2026-03-09T22:59:03Z,1722,0.77,true
C000190,D000648,2025-04-18,2025-06-02T18:50:16Z,1580,0.73,true
C000190,D000521,2025-05-26,2026-04-18T19:31:18Z,526,0.76,true
C000191,D000271,2026-02-01,2026-03-12T08:40:59Z,882,0.87,true
C000192,D000496,2023-03-08,2024-07-08T08:39:37Z,1683,0.84,true
C000193,D000691,2022-10-27,2024-08-23T23:11:25Z,1582,0.84,true
C000194,D000087,2024-09-28,2024-11-24T15:32:56Z,1281,0.97,true
C000195,D000733,2021-06-30,2024-07-24T01:48:28Z,1307,0.79,true
C000196,D000673,2025-10-17,2025-11-12T01:07:20Z,1607,0.93,true
C000196,D000370,2024-12-31,2025-12-12T18:52:31Z,1414,0.76,true
C000197,D000434,2021-08-22,2024-03-21T20:12:23Z,1105,0.69,true
C000198,D000458,2026-01-20,2026-01-30T18:25:29Z,648,0.83,true
C000199,D000188,2025-12-30,2026-03-31T22:19:27Z,208,0.82,false
C000200,D000291,2023-10-09,2023-11-01T12:00:10Z,1453,0.79,true
C000201,D000626,2025-12-24,2026-04-04T03:21:25Z,1172,0.64,true
C000202,D000020,2019-10-19,2022-08-22T07:51:40Z,277,0.83,true
C000203,D000469,2022-09-21,2023-09-15T03:43:52Z,1598,0.85,true
C000204,D000490,2022-01-25,2024-06-04T21:05:57Z,597,0.77,true
C000205,D000051,2024-09-06,2025-11-28T06:58:55Z,1692,0.66,true
C000206,D000333,2022-08-19,2024-07-23T15:14:51Z,578,0.82,true
C000206,D000517,2023-01-04,2024-05-28T15:28:37Z,1525,0.8,true
C000207,D000528,2024-01-31,2025-07-29T01:33:20Z,1697,0.88,true
C000208,D000014,2026-02-20,2026-02-24T06:58:17Z,877,0.87,true
C000209,D000258,2025-08-30,2026-04-17T21:41:33Z,1466,0.94,true
C000210,D000494,2025-12-15,2026-02-11T20:30:46Z,536,0.99,true
C000211,D000043,2022-07-08,2025-03-01T22:41:41Z,693,0.93,true
C000212,D000122,2021-01-21,2026-01-29T19:08:32Z,76,0.8,true
C000213,D000867,2026-03-25,2026-04-15T14:54:37Z,164,0.8,true
C000213,D000286,2026-02-20,2026-03-25T10:41:32Z,939,0.88,true
C000214,D000086,2023-11-28,2025-04-18T01:04:36Z,480,0.92,true
C000215,D000844,2025-08-21,2025-11-03T15:32:34Z,1450,0.99,true
C000216,D000604,2025-08-26,2025-11-17T23:03:14Z,1383,0.78,true
C000216,D000388,2024-07-13,2025-03-31T08:11:59Z,1591,0.8,true
C000217,D000601,2025-12-31,2026-03-31T08:35:00Z,739,0.6,true
C000217,D000846,2025-10-30,2026-04-09T21:44:24Z,1342,0.87,true
C000218,D000290,2021-07-30,2023-08-30T13:31:23Z,1033,0.86,true
C000218,D000014,2023-04-29,2024-01-05T01:14:18Z,183,0.9,true
C000219,D000154,2024-10-30,2025-11-26T03:43:25Z,543,0.75,true
C000220,D000380,2025-08-17,2026-03-24T18:35:55Z,774,0.73,true
C000221,D000795,2022-09-02,2024-07-17T10:40:38Z,1209,0.97,true
C000222,D000629,2025-11-27,2026-02-28T00:38:56Z,119,0.48,true
C000222,D000796,2025-11-28,2026-03-21T19:14:18Z,1459,0.96,true
C000223,D000741,2025-07-12,2025-12-03T03:13:29Z,26,0.59,true
C000224,D000483,2022-02-02,2022-09-26T14:17:36Z,1627,0.78,true
C000225,D000106,2025-04-05,2025-08-20T23:46:25Z,312,0.93,true
C000226,D000721,2024-03-03,2024-11-14T15:52:13Z,462,0.88,true
C000227,D000061,2024-07-18,2026-04-04T04:49:35Z,1168,0.87,true
C000227,D000387,2025-02-16,2025-10-11T01:15:09Z,196,0.67,true
C000228,D000030,2024-03-18,2024-04-12T18:43:08Z,1669,0.88,true
C000229,D000715,2026-03-19,2026-04-06T07:14:12Z,447,0.76,true
C000229,D000156,2025-11-15,2026-01-07T18:11:38Z,795,0.85,true
C000230,D000823,2021-07-11,2022-07-18T16:39:58Z,1254,0.9,true
C000231,D000527,2025-03-11,2025-12-21T03:37:29Z,565,0.76,true
C000232,D000256,2019-05-06,2020-10-01T09:26:24Z,1696,0.73,true
C000233,D000574,2025-06-21,2025-07-18T06:14:05Z,462,0.9,true
C000234,D000404,2025-09-04,2026-01-29T20:47:48Z,1600,0.88,true
C000235,D000080,2025-08-25,2025-09-13T11:53:32Z,1444,0.94,true
C000235,D000406,2024-09-21,2025-09-08T10:16:44Z,385,0.58,true
C000236,D000707,2019-02-24,2025-01-29T18:00:26Z,1477,0.81,false
C000237,D000064,2026-01-27,2026-04-15T07:49:14Z,1379,0.74,true
C000238,D000889,2025-08-09,2025-11-12T23:55:23Z,1698,0.75,false
C000239,D000170,2026-02-06,2026-03-31T04:11:15Z,782,0.92,false
C000240,D000769,2025-09-28,2026-01-22T18:49:41Z,300,0.8,true
C000241,D000332,2024-11-16,2025-12-01T12:52:34Z,145,0.76,false
C000241,D000686,2022-07-23,2025-01-18T05:40:32Z,695,0.68,false
C000242,D000503,2026-04-01,2026-04-16T07:24:00Z,1149,0.86,true
C000243,D000463,2020-09-14,2020-09-28T11:02:17Z,461,0.86,true
C000244,D000830,2025-08-03,2025-11-18T13:56:33Z,1117,0.99,true
C000244,D000888,2023-01-04,2024-05-20T18:03:51Z,285,0.86,true
C000245,D000373,2026-02-19,2026-02-24T12:29:56Z,916,0.66,true
C000246,D000010,2026-01-03,2026-04-19T14:20:42Z,867,0.71,true
C000247,D000584,2024-01-09,2025-04-12T10:28:27Z,482,0.83,true
C000247,D000265,2024-06-04,2025-02-09T23:04:51Z,1336,0.83,true
C000248,D000406,2024-05-25,2025-11-04T10:37:57Z,394,0.71,true
C000249,D000550,2024-12-02,2025-08-06T12:30:40Z,986,0.78,true
C000250,D000297,2025-04-09,2025-07-29T07:08:19Z,1620,0.98,true
C000251,D000624,2024-08-30,2025-05-08T01:48:55Z,666,0.78,true
C000252,D000405,2022-08-08,2025-05-15T15:35:01Z,1592,0.72,true
C000253,D000771,2025-11-30,2026-03-02T08:56:59Z,493,0.7,true
C000254,D000387,2025-11-27,2026-04-06T09:59:43Z,382,0.68,true
C000255,D000071,2024-09-23,2025-07-29T19:18:36Z,1715,0.47,true
C000256,D000129,2023-01-05,2023-06-27T23:35:27Z,1545,0.86,true
C000257,D000165,2025-07-31,2025-12-24T07:36:12Z,898,0.56,true
C000258,D000512,2026-02-13,2026-03-21T06:39:07Z,923,0.75,true
C000258,D000803,2023-10-04,2026-03-25T00:05:49Z,935,0.86,true
C000259,D000690,2021-09-04,2021-10-22T11:10:10Z,282,0.86,true
C000260,D000664,2023-10-24,2024-01-18T17:44:17Z,890,0.85,true
C000261,D000108,2026-04-06,2026-04-16T22:03:58Z,996,0.99,true
C000262,D000613,2026-01-19,2026-03-30T13:55:23Z,712,0.98,true
C000262,D000052,2025-03-07,2025-08-29T05:23:34Z,330,0.64,true
C000263,D000058,2023-06-03,2023-08-31T13:33:09Z,663,0.92,true
C000264,D000866,2018-09-16,2024-02-18T04:50:17Z,693,0.62,true
C000265,D000587,2026-04-04,2026-04-15T02:16:05Z,1622,0.73,true
C000266,D000382,2022-09-26,2026-02-20T08:24:42Z,542,0.74,true
C000267,D000894,2023-03-16,2024-12-31T09:33:28Z,222,0.82,false
C000268,D000339,2025-01-10,2025-11-29T17:12:30Z,250,0.88,true
C000269,D000069,2025-06-26,2026-03-04T23:57:09Z,1396,0.51,true
C000270,D000745,2023-12-19,2024-08-11T22:05:59Z,1398,0.42,true
C000271,D000247,2025-10-22,2026-03-28T15:33:05Z,850,0.71,true
C000272,D000609,2023-07-08,2025-08-26T22:50:02Z,742,0.86,true
C000273,D000113,2026-01-16,2026-02-03T00:14:59Z,1650,0.89,true
C000274,D000459,2023-10-14,2024-02-09T21:20:16Z,872,0.75,true
C000274,D000813,2026-01-09,2026-01-12T18:04:32Z,1108,0.96,true
C000275,D000549,2025-08-29,2025-12-25T00:33:06Z,326,0.63,true
C000275,D000107,2025-11-02,2026-01-20T11:43:52Z,1049,0.99,true
C000276,D000045,2023-10-19,2024-11-03T13:56:49Z,885,0.99,false
C000276,D000573,2023-03-12,2024-01-15T14:12:05Z,830,0.76,true
C000277,D000552,2021-01-07,2026-01-22T23:54:54Z,1485,0.92,true
C000277,D000050,2022-07-09,2024-10-22T03:49:46Z,1166,0.8,true
C000278,D000661,2024-02-01,2026-03-04T17:58:13Z,1271,0.99,true
C000279,D000742,2022-03-24,2022-07-14T18:32:17Z,1066,0.81,true
C000280,D000855,2020-12-09,2025-10-11T19:03:25Z,480,0.99,true
C000281,D000891,2026-01-24,2026-03-19T14:45:37Z,131,0.64,true
C000281,D000003,2025-12-29,2025-12-29T22:08:52Z,849,0.78,true
C000282,D000878,2026-04-06,2026-04-19T17:42:12Z,757,0.96,true
C000283,D000654,2020-12-03,2024-06-14T05:10:45Z,1517,0.84,true
C000284,D000658,2025-11-22,2026-01-28T14:00:42Z,299,0.71,true
C000284,D000539,2025-04-23,2025-05-11T15:26:40Z,55,0.83,true
C000285,D000580,2025-07-18,2025-09-18T03:25:42Z,349,0.74,true
C000285,D000653,2024-03-17,2026-03-04T18:27:25Z,1014,0.71,true
C000286,D000611,2023-02-04,2024-08-20T06:48:17Z,551,0.71,true
C000286,D000363,2021-12-07,2023-01-18T23:54:51Z,1046,0.66,false
C000287,D000805,2019-12-26,2023-08-20T09:11:27Z,1377,0.83,true
C000288,D000397,2026-03-27,2026-04-18T03:32:33Z,767,0.57,true
C000288,D000584,2026-04-02,2026-04-15T19:13:44Z,823,0.85,true
C000289,D000717,2024-12-09,2026-02-14T20:34:45Z,1488,0.94,true
C000290,D000850,2024-12-19,2025-06-26T03:01:30Z,323,0.82,false
C000291,D000504,2025-07-15,2026-04-01T17:02:46Z,217,0.94,true
C000291,D000553,2026-02-16,2026-02-24T05:00:52Z,919,0.79,true
C000292,D000843,2022-09-06,2024-03-05T08:16:33Z,1791,0.77,true
C000293,D000632,2023-03-25,2024-01-06T08:31:31Z,564,0.99,true
C000294,D000243,2022-04-02,2023-03-23T18:53:50Z,1362,0.53,true
C000295,D000282,2025-01-09,2025-12-05T18:56:59Z,875,0.42,false
C000296,D000900,2024-12-24,2026-04-16T14:34:21Z,737,0.99,true
C000297,D000821,2021-12-19,2023-10-20T21:58:07Z,864,0.9,true
C000298,D000450,2026-02-22,2026-03-19T01:41:44Z,129,0.74,true
C000298,D000405,2025-06-04,2026-01-09T16:18:55Z,1180,0.82,true
C000299,D000313,2026-04-04,2026-04-06T20:06:16Z,1187,0.93,false
C000299,D000412,2026-03-08,2026-04-12T08:04:09Z,221,0.78,true
C000300,D000114,2025-06-05,2026-02-04T18:31:12Z,1458,0.82,true
C000301,D000414,2023-04-10,2024-10-31T13:17:13Z,994,0.93,true
C000302,D000471,2024-08-21,2024-09-13T01:04:24Z,1749,0.7,true
C000302,D000897,2025-01-24,2025-12-02T00:29:58Z,1548,0.77,true
C000303,D000418,2022-07-27,2023-04-04T02:40:31Z,558,0.79,true
C000303,D000250,2025-09-24,2026-01-14T15:10:34Z,379,0.99,true
C000304,D000384,2022-03-01,2022-03-25T07:17:15Z,1033,0.74,true
C000304,D000686,2021-02-25,2024-03-09T05:12:47Z,1461,0.72,false
C000305,D000614,2021-11-12,2024-08-07T00:50:27Z,48,0.99,true
C000305,D000532,2022-01-23,2023-10-07T10:13:30Z,1738,0.71,true
C000306,D000391,2023-05-03,2023-10-28T13:40:24Z,1053,0.55,true
C000307,D000571,2025-04-26,2025-07-02T21:36:18Z,1105,0.81,true
C000308,D000519,2024-05-25,2024-11-26T18:15:25Z,64,0.89,true
C000308,D000391,2023-07-24,2025-06-26T12:25:54Z,1752,0.57,false
C000309,D000728,2025-11-21,2026-03-09T04:04:47Z,1769,0.78,true
C000310,D000505,2025-12-18,2026-01-12T14:41:40Z,1047,0.74,true
C000310,D000696,2024-07-12,2025-06-09T01:33:27Z,916,0.91,true
C000311,D000294,2025-05-11,2026-02-05T03:10:12Z,627,0.8,true
C000312,D000591,2025-02-03,2026-01-22T03:44:41Z,156,0.94,true
C000313,D000559,2023-10-06,2026-03-01T08:16:58Z,106,0.61,true
C000314,D000493,2026-01-04,2026-04-01T08:19:13Z,462,0.77,false
C000315,D000402,2022-06-12,2024-06-04T04:45:47Z,23,0.78,true
C000315,D000620,2021-02-05,2026-02-12T06:40:46Z,968,0.85,false
C000316,D000280,2025-12-09,2026-04-20T21:21:40Z,45,0.54,true
C000316,D000066,2022-03-26,2025-07-16T09:32:56Z,1025,0.84,true
C000317,D000530,2021-09-10,2021-09-12T15:58:39Z,603,0.88,true
C000318,D000634,2025-12-16,2025-12-20T22:08:10Z,1477,0.99,true
C000319,D000743,2025-11-26,2026-04-12T00:43:21Z,990,0.96,true
C000320,D000091,2019-10-16,2024-03-30T12:59:08Z,90,0.73,true
C000321,D000577,2025-09-10,2026-04-07T14:58:30Z,1103,0.85,true
C000322,D000475,2025-01-21,2025-08-14T17:37:17Z,191,0.89,true
C000322,D000814,2023-10-06,2025-05-09T20:46:01Z,323,0.72,true
C000323,D000748,2026-01-25,2026-02-10T10:43:28Z,100,0.54,true
C000324,D000857,2025-12-22,2026-02-26T19:58:49Z,1013,0.99,true
C000324,D000203,2025-06-05,2025-09-23T02:03:17Z,1280,0.77,true
C000325,D000360,2026-01-29,2026-04-14T10:59:29Z,1112,0.9,true
C000325,D000002,2020-12-10,2023-03-05T17:52:35Z,65,0.86,true
C000326,D000216,2025-05-06,2026-03-16T09:04:27Z,1573,0.78,true
C000327,D000035,2022-11-03,2025-02-15T02:52:29Z,398,0.96,true
C000327,D000427,2023-03-24,2024-03-01T13:08:23Z,771,0.99,true
C000328,D000409,2024-05-22,2024-10-27T11:19:01Z,737,0.77,false
C000329,D000863,2020-04-01,2022-04-15T01:30:18Z,853,0.78,true
C000330,D000288,2023-03-28,2025-09-10T05:49:22Z,1166,0.63,true
C000331,D000877,2026-03-20,2026-03-27T14:46:29Z,418,0.66,true
C000332,D000225,2025-08-05,2025-08-31T09:57:50Z,666,0.84,true
C000333,D000246,2025-08-07,2025-08-11T05:20:56Z,777,0.75,true
C000334,D000510,2023-08-23,2026-02-22T09:31:00Z,689,0.75,true
C000335,D000012,2024-12-09,2025-01-24T23:20:32Z,1556,0.72,true
C000336,D000531,2023-08-11,2025-09-21T01:13:19Z,1521,0.68,true
C000337,D000675,2026-03-29,2026-04-10T13:39:47Z,1708,0.91,true
C000338,D000509,2024-10-19,2025-06-01T09:00:42Z,175,0.8,true
C000338,D000819,2024-04-21,2024-10-06T16:52:03Z,626,0.82,true
C000339,D000024,2025-10-22,2026-02-07T00:47:08Z,473,0.67,true
C000339,D000526,2023-04-11,2024-08-06T07:48:14Z,743,0.93,true
C000340,D000461,2019-06-28,2021-04-27T09:12:45Z,78,0.99,true
C000341,D000263,2025-10-27,2026-01-20T11:25:59Z,58,0.82,true
C000341,D000554,2025-10-20,2026-01-02T08:07:58Z,1540,0.89,true
C000342,D000667,2025-06-13,2025-11-17T00:40:53Z,101,0.56,true
C000343,D000650,2025-01-31,2026-01-06T03:29:20Z,1219,0.56,true
C000343,D000689,2024-08-14,2025-01-28T21:34:02Z,1240,0.93,true
C000344,D000633,2025-12-02,2025-12-09T15:01:55Z,1271,0.87,true
C000344,D000468,2026-01-10,2026-02-10T20:33:50Z,565,0.63,true
C000345,D000322,2026-01-15,2026-01-21T19:35:18Z,854,0.87,true
C000346,D000726,2022-10-31,2024-09-08T04:09:54Z,1742,0.98,true
C000346,D000672,2026-01-02,2026-03-19T08:40:06Z,933,0.73,true
C000347,D000169,2026-01-18,2026-04-13T01:41:40Z,1064,0.74,false
C000348,D000779,2025-04-19,2026-01-14T07:38:36Z,233,0.95,true
C000348,D000081,2024-08-24,2025-12-24T08:18:49Z,1093,0.82,true
C000349,D000714,2020-04-20,2025-11-22T17:26:41Z,245,0.65,true
C000350,D000431,2019-08-22,2026-01-21T17:52:08Z,106,0.67,true
C000351,D000683,2023-10-01,2024-09-25T13:15:14Z,1780,0.88,true
C000352,D000484,2025-03-27,2025-12-01T15:27:18Z,64,0.89,true
C000352,D000083,2026-01-12,2026-01-30T01:14:33Z,724,0.97,true
C000353,D000309,2024-09-27,2024-11-21T23:27:49Z,1583,0.78,true
C000354,D000659,2024-03-13,2025-05-09T15:29:35Z,545,0.95,true
C000355,D000112,2026-02-19,2026-03-29T08:56:55Z,1471,0.67,true
C000356,D000447,2020-08-01,2023-12-21T09:42:19Z,1654,0.88,true
C000357,D000815,2018-05-04,2019-09-07T16:40:42Z,110,0.69,true
C000358,D000502,2021-03-28,2021-07-23T05:31:59Z,465,0.86,true
C000359,D000192,2025-01-18,2025-12-18T20:26:51Z,403,0.72,true
C000360,D000847,2026-02-26,2026-03-30T01:21:52Z,215,0.84,true
C000361,D000452,2025-09-13,2026-03-21T07:04:46Z,173,0.99,false
C000361,D000416,2022-12-10,2025-05-25T14:40:13Z,1639,0.83,true
C000362,D000359,2026-02-28,2026-03-09T04:29:34Z,567,0.95,true
C000363,D000785,2025-07-04,2025-11-26T20:24:49Z,1295,0.83,true
C000364,D000248,2025-03-07,2025-04-09T17:51:26Z,1658,0.43,true
C000365,D000118,2025-06-19,2026-03-12T20:12:57Z,1297,0.89,true
C000366,D000543,2024-07-05,2025-09-22T21:03:40Z,1435,0.89,true
C000367,D000670,2024-10-07,2025-03-14T01:12:51Z,1589,0.9,true
C000367,D000187,2024-09-16,2025-05-14T14:46:03Z,414,0.9,true
C000368,D000267,2025-03-12,2025-04-05T18:49:30Z,1030,0.8,true
C000369,D000143,2024-07-24,2025-11-07T16:20:05Z,1580,0.72,true
C000369,D000822,2024-06-06,2026-04-01T06:18:16Z,1075,0.84,true
C000370,D000254,2022-04-16,2024-11-19T23:40:25Z,1675,0.78,true
C000371,D000777,2025-11-16,2025-12-13T16:51:10Z,1357,0.82,true
C000372,D000497,2023-12-17,2024-04-05T11:27:52Z,479,0.93,true
C000373,D000003,2026-01-17,2026-02-27T05:46:27Z,1364,0.76,true
C000373,D000562,2026-03-18,2026-04-13T08:27:05Z,1293,0.97,true
C000374,D000610,2025-09-12,2026-04-05T10:03:51Z,1528,0.64,false
C000375,D000257,2026-04-01,2026-04-02T13:29:47Z,329,0.7,true
C000376,D000315,2020-04-22,2025-02-12T06:45:15Z,1043,0.71,true
C000377,D000135,2020-12-22,2021-05-05T23:30:12Z,716,0.96,true
C000378,D000723,2021-12-10,2024-08-02T18:02:08Z,1275,0.73,true
C000378,D000836,2021-09-19,2025-09-19T01:33:59Z,1171,0.86,true
C000379,D000824,2025-08-15,2026-03-14T23:52:05Z,1580,0.71,true
C000380,D000892,2025-09-22,2026-01-02T10:10:05Z,877,0.64,true
C000381,D000185,2026-03-17,2026-04-13T04:24:25Z,1420,0.81,true
C000381,D000229,2025-08-29,2025-10-04T22:50:10Z,842,0.73,true
C000382,D000856,2025-11-20,2026-03-11T22:31:58Z,719,0.71,true
C000383,D000649,2023-12-12,2025-12-09T07:11:28Z,1019,0.75,true
C000384,D000712,2025-06-29,2026-04-03T21:16:32Z,1080,0.67,false
C000385,D000746,2025-08-01,2025-10-26T06:31:37Z,1343,0.94,true
C000386,D000827,2022-12-25,2023-06-20T00:47:33Z,1065,0.69,true
C000387,D000242,2020-02-16,2025-02-18T11:32:28Z,1514,0.73,true
C000388,D000286,2022-04-08,2024-03-05T00:28:18Z,1697,0.91,true
C000389,D000439,2025-01-13,2025-05-03T14:55:55Z,1223,0.9,true
C000390,D000249,2024-10-27,2025-06-07T13:02:19Z,482,0.82,true
C000391,D000794,2019-09-21,2021-01-22T03:33:49Z,570,0.92,true
C000391,D000586,2024-11-01,2026-02-27T18:12:36Z,548,0.63,true
C000392,D000732,2025-02-09,2025-08-16T11:18:25Z,1334,0.92,true
C000393,D000499,2021-10-20,2025-09-04T01:13:04Z,539,0.86,true
C000394,D000734,2024-09-27,2026-02-27T05:14:42Z,1055,0.89,true
C000395,D000172,2022-04-30,2023-03-23T20:22:27Z,317,0.75,true
C000396,D000787,2023-08-11,2023-08-14T06:16:24Z,789,0.24,true
C000397,D000780,2026-02-28,2026-03-17T16:13:43Z,1049,0.72,true
C000398,D000802,2025-09-23,2025-12-15T07:51:02Z,834,0.56,true
C000399,D000390,2024-08-20,2026-03-24T21:31:46Z,404,0.99,true
C000400,D000336,2023-11-12,2025-07-15T20:44:44Z,1402,0.79,true
C000401,D000495,2025-10-22,2025-11-22T01:17:37Z,951,0.96,true
C000402,D000800,2025-06-12,2025-11-29T03:23:33Z,1270,0.99,true
C000403,D000711,2022-12-02,2023-05-23T00:23:40Z,1198,0.93,true
C000403,D000208,2025-08-22,2025-11-21T14:30:36Z,62,0.75,true
C000404,D000449,2025-04-30,2025-10-31T10:19:52Z,785,0.99,true
C000405,D000144,2024-07-11,2025-02-15T22:22:19Z,898,0.79,false
C000406,D000438,2022-02-17,2022-04-23T01:54:21Z,1040,0.77,true
C000407,D000381,2020-01-10,2026-01-26T10:51:31Z,276,0.92,true
C000408,D000396,2025-01-13,2025-02-25T23:57:18Z,1512,0.89,true
C000408,D000768,2025-05-18,2025-06-09T03:49:55Z,820,0.99,true
C000409,D000701,2022-01-27,2024-03-04T06:09:58Z,659,0.92,true
C000410,D000828,2025-02-14,2025-10-31T13:49:42Z,173,0.6,true
C000411,D000203,2022-07-28,2022-09-30T08:54:57Z,592,0.65,true
C000412,D000765,2025-10-03,2025-12-02T20:53:41Z,950,0.9,true
C000413,D000796,2025-05-17,2026-03-01T21:23:44Z,1486,0.89,true
C000414,D000719,2025-01-12,2025-12-07T17:37:57Z,614,0.8,true
C000415,D000067,2025-10-17,2026-02-11T13:06:34Z,1255,0.82,true
C000416,D000128,2023-10-05,2025-11-27T03:55:17Z,549,0.9,true
C000416,D000632,2023-08-29,2025-04-27T16:05:05Z,1189,0.99,true
C000417,D000455,2025-11-29,2026-02-20T17:13:51Z,1178,0.75,true
C000418,D000368,2022-09-30,2023-02-21T05:34:27Z,465,0.86,true
C000419,D000362,2025-03-09,2025-07-12T01:43:40Z,1167,0.87,true
C000420,D000349,2022-03-30,2025-02-24T05:31:50Z,259,0.87,true
C000421,D000738,2024-08-23,2024-09-08T02:43:08Z,823,0.97,true
C000422,D000017,2024-05-10,2024-12-28T17:57:16Z,1487,0.65,false
C000423,D000176,2026-02-04,2026-03-08T11:58:42Z,1336,0.75,true
C000424,D000663,2021-01-31,2025-08-18T19:30:17Z,477,0.91,true
C000424,D000368,2020-04-03,2020-10-16T20:01:40Z,1707,0.81,true
C000425,D000886,2025-09-24,2025-11-04T01:43:31Z,1756,0.99,false
C000425,D000492,2019-09-22,2025-02-08T00:24:44Z,460,0.67,true
C000426,D000797,2026-01-31,2026-03-06T00:48:08Z,125,0.88,true
C000427,D000848,2020-12-04,2020-12-12T13:46:10Z,101,0.99,true
C000427,D000245,2023-02-27,2023-06-30T05:29:16Z,1078,0.71,true
C000428,D000842,2025-12-03,2025-12-16T00:18:30Z,1510,0.73,false
C000429,D000558,2022-03-10,2024-05-24T11:22:39Z,1529,0.73,true
C000429,D000765,2025-03-04,2025-07-29T05:43:13Z,1504,0.83,true
C000430,D000417,2025-01-04,2025-12-12T22:29:29Z,1186,0.79,true
C000431,D000234,2026-02-05,2026-03-07T06:30:57Z,17,0.95,true
C000432,D000074,2025-03-09,2025-08-02T17:46:29Z,1007,0.95,true
C000432,D000353,2025-04-27,2026-03-07T00:56:15Z,599,0.74,true
C000433,D000692,2026-01-11,2026-02-28T14:57:06Z,208,0.68,true
C000434,D000884,2025-06-25,2025-11-22T02:34:38Z,1006,0.91,true
C000435,D000778,2026-03-02,2026-04-05T23:47:57Z,1381,0.95,true
C000435,D000014,2025-11-22,2026-02-13T18:38:14Z,1719,0.99,true
C000436,D000653,2023-03-29,2024-08-07T15:13:47Z,1278,0.76,true
C000436,D000827,2025-01-12,2025-09-29T08:43:39Z,835,0.8,true
C000437,D000027,2025-04-23,2026-03-04T18:35:59Z,635,0.69,true
C000437,D000480,2023-02-08,2025-09-06T23:30:24Z,1573,0.47,true
C000438,D000722,2023-03-12,2024-10-21T06:36:26Z,167,0.76,true
C000439,D000419,2023-10-13,2024-08-29T23:55:05Z,1499,0.96,true
C000440,D000809,2025-09-19,2025-12-06T11:27:54Z,398,0.85,true
C000440,D000616,2025-11-14,2026-02-07T21:36:06Z,620,0.79,true
C000441,D000394,2018-12-23,2023-04-28T20:10:12Z,1541,0.53,false
C000442,D000140,2024-05-04,2025-05-28T20:34:36Z,230,0.63,true
C000443,D000399,2024-12-09,2025-11-03T01:27:25Z,1581,0.7,true
C000444,D000685,2019-01-29,2022-08-10T06:38:05Z,1075,0.85,true
C000445,D000421,2024-02-20,2025-03-29T16:56:24Z,1090,0.97,true
C000445,D000109,2025-05-11,2025-10-05T20:06:28Z,566,0.8,true
C000446,D000825,2025-07-18,2026-01-29T17:44:00Z,86,0.92,false
C000447,D000511,2024-06-04,2024-08-19T01:43:52Z,1010,0.85,true
C000448,D000098,2024-09-26,2025-12-21T15:55:04Z,633,0.99,true
C000449,D000666,2022-03-01,2026-01-20T11:57:32Z,1294,0.73,true
C000450,D000237,2025-02-05,2025-06-29T03:36:04Z,157,0.82,true
C000451,D000085,2022-01-08,2025-04-14T23:54:09Z,817,0.77,true
C000451,D000776,2023-09-06,2025-03-03T16:57:51Z,314,0.84,true
C000452,D000816,2025-09-13,2026-01-12T09:46:46Z,891,0.47,true
C000453,D000752,2020-06-01,2022-10-26T05:41:41Z,561,0.86,true
C000453,D000027,2022-07-30,2022-11-13T18:43:57Z,552,0.7,true
C000454,D000876,2021-08-06,2023-03-29T08:28:24Z,105,0.74,true
C000455,D000612,2023-10-29,2025-01-17T04:39:10Z,1599,0.84,false
C000456,D000099,2020-08-04,2025-05-20T02:36:45Z,115,0.82,true
C000457,D000252,2023-10-16,2024-02-19T00:25:26Z,1572,0.75,false
C000457,D000207,2025-04-03,2025-09-14T00:33:22Z,1281,0.8,true
C000458,D000681,2021-11-18,2022-11-10T12:28:09Z,1452,0.96,true
C000459,D000251,2025-07-17,2026-04-04T16:53:03Z,1533,0.92,true
C000459,D000750,2023-05-05,2023-11-01T07:27:54Z,1784,0.73,true
C000460,D000152,2022-06-05,2023-11-30T19:51:32Z,685,0.83,true
C000461,D000292,2025-04-21,2025-12-05T04:47:12Z,83,0.77,true
C000462,D000547,2019-09-12,2023-05-26T17:14:12Z,585,0.88,true
C000462,D000602,2024-10-05,2025-12-14T17:13:33Z,552,0.85,true
C000463,D000588,2021-10-24,2026-02-20T02:31:27Z,465,0.86,true
C000464,D000446,2023-09-10,2023-09-14T07:06:47Z,1473,0.89,true
C000465,D000678,2024-04-19,2025-08-17T07:20:25Z,1482,0.69,true
C000465,D000576,2023-12-21,2025-08-22T08:04:32Z,1708,0.99,false
C000466,D000007,2023-09-11,2024-03-22T11:34:24Z,94,0.87,true
C000467,D000209,2024-03-26,2025-08-13T11:32:21Z,1006,0.87,true
C000468,D000783,2026-04-01,2026-04-14T17:03:15Z,627,0.85,true
C000468,D000810,2024-04-09,2024-12-04T20:28:38Z,343,0.69,true
C000469,D000605,2024-06-01,2025-02-20T20:08:12Z,1254,0.75,true
C000470,D000178,2022-05-31,2025-05-02T14:41:59Z,411,0.88,false
C000471,D000665,2025-09-08,2026-01-06T02:54:43Z,1168,0.94,false
C000472,D000100,2023-12-17,2024-12-24T15:08:53Z,1148,0.87,true
C000473,D000171,2022-10-24,2022-11-23T15:52:38Z,592,0.7,true
C000474,D000111,2023-07-02,2024-12-06T06:14:58Z,993,0.86,true
C000475,D000872,2022-06-08,2022-08-19T06:11:06Z,1205,0.76,true
C000475,D000860,2024-02-23,2025-01-31T20:34:09Z,1616,0.7,true
C000476,D000211,2025-02-25,2025-06-20T01:19:09Z,1058,0.81,true
C000477,D000773,2025-09-24,2025-11-28T00:27:28Z,953,0.79,true
C000478,D000687,2025-09-03,2026-03-04T21:09:38Z,1150,0.75,true
C000479,D000032,2020-08-23,2022-07-10T17:39:47Z,1266,0.69,true
C000480,D000374,2023-06-13,2023-10-21T07:58:04Z,1221,0.94,true
C000480,D000314,2025-03-04,2026-04-06T20:08:30Z,295,0.81,true
C000481,D000560,2026-01-31,2026-03-05T19:00:41Z,786,0.68,true
C000481,D000624,2026-01-16,2026-03-25T04:51:29Z,1727,0.78,true
C000482,D000470,2023-04-19,2023-05-26T05:18:59Z,542,0.76,true
C000482,D000654,2023-07-04,2025-03-23T08:51:37Z,1547,0.86,true
C000483,D000539,2022-06-04,2025-09-29T21:42:27Z,677,0.97,true
C000484,D000119,2024-07-20,2025-10-16T21:10:12Z,879,0.66,true
C000485,D000485,2022-12-08,2025-11-10T15:58:39Z,520,0.89,true
C000486,D000489,2025-01-28,2026-02-02T12:17:15Z,377,0.74,true
C000487,D000882,2026-01-16,2026-03-03T01:40:37Z,607,0.81,false
C000488,D000217,2026-02-27,2026-04-08T03:12:46Z,1562,0.92,true
C000489,D000620,2024-12-06,2025-09-07T12:48:54Z,1320,0.98,true
C000490,D000873,2024-08-22,2026-01-16T06:42:40Z,1010,0.67,true
C000490,D000579,2022-11-15,2023-07-25T13:00:36Z,1148,0.86,true
C000491,D000236,2024-06-06,2026-01-30T22:57:55Z,626,0.93,true
C000492,D000801,2026-03-13,2026-03-22T01:00:29Z,489,0.99,true
C000493,D000422,2026-02-02,2026-02-21T03:25:37Z,1254,0.91,true
C000494,D000002,2025-01-18,2025-07-12T02:31:32Z,1706,0.92,true
C000495,D000477,2026-04-06,2026-04-20T04:10:47Z,750,0.75,true
C000496,D000084,2020-10-18,2022-12-16T09:12:17Z,577,0.69,true
C000497,D000756,2022-03-04,2025-06-29T02:44:42Z,644,0.98,true
C000498,D000293,2020-05-28,2022-07-11T01:36:03Z,327,0.74,true
C000498,D000358,2025-04-17,2026-02-03T05:03:44Z,780,0.99,true
C000499,D000342,2025-08-31,2026-02-09T09:18:15Z,941,0.9,false
C000500,D000022,2024-11-08,2025-07-05T15:03:40Z,1199,0.99,false
C000501,D000831,2026-01-13,2026-02-15T13:15:58Z,79,0.81,true
C000502,D000535,2024-06-26,2025-12-16T16:13:33Z,187,0.65,true
C000503,D000750,2026-01-07,2026-03-26T14:26:30Z,883,0.71,true
C000504,D000104,2024-04-08,2024-10-06T13:59:35Z,1680,0.77,true
C000505,D000347,2023-12-04,2026-01-15T21:27:47Z,616,0.84,true
C000506,D000328,2026-01-29,2026-04-06T04:02:44Z,1176,0.91,true
C000507,D000048,2022-09-06,2025-10-20T16:37:47Z,189,0.93,true
C000508,D000196,2024-03-10,2024-05-08T01:44:39Z,652,0.75,true
C000509,D000240,2024-07-11,2026-04-05T18:30:22Z,1168,0.88,true
C000510,D000312,2026-01-13,2026-02-20T02:55:29Z,1192,0.91,true
C000510,D000552,2026-03-12,2026-04-07T10:50:07Z,1459,0.91,true
C000511,D000221,2025-10-29,2026-01-26T11:40:43Z,1009,0.78,true
C000512,D000546,2025-05-30,2026-03-22T01:35:13Z,295,0.83,true
C000513,D000700,2024-02-09,2024-06-09T09:23:58Z,499,0.69,true
C000513,D000299,2025-10-01,2025-11-14T09:27:52Z,135,0.99,true
C000514,D000536,2026-01-02,2026-03-05T18:27:48Z,590,0.69,true
C000515,D000898,2025-09-22,2025-10-01T23:37:58Z,449,0.71,true
C000516,D000386,2023-09-02,2024-06-12T01:54:34Z,425,0.93,true
C000517,D000073,2025-12-22,2026-01-28T15:16:36Z,1442,0.89,true
C000518,D000803,2025-08-28,2026-01-01T06:34:46Z,843,0.86,true
C000519,D000036,2025-06-25,2025-12-12T10:22:51Z,594,0.97,false
C000520,D000163,2024-12-26,2025-02-16T10:34:07Z,879,0.93,true
C000521,D000514,2026-03-13,2026-04-10T10:27:28Z,44,0.71,true
C000522,D000562,2025-11-02,2026-04-03T20:19:34Z,752,0.82,true
C000523,D000590,2019-08-09,2024-11-15T05:04:02Z,1460,0.85,true
C000524,D000720,2026-04-05,2026-04-16T18:36:38Z,717,0.76,true
C000524,D000582,2026-01-09,2026-02-17T17:39:21Z,883,0.83,true
C000525,D000068,2024-11-15,2026-02-22T22:05:13Z,1612,0.65,false
C000525,D000605,2025-11-24,2026-04-11T17:50:26Z,695,0.74,true
C000526,D000606,2023-05-19,2024-08-27T06:22:46Z,1210,0.69,true
C000527,D000440,2018-12-02,2023-10-01T05:44:37Z,1737,0.8,true
C000528,D000369,2025-11-19,2026-03-11T03:49:23Z,1294,0.8,true
C000529,D000729,2023-10-15,2024-05-24T04:36:49Z,952,0.87,true
C000530,D000853,2025-11-17,2026-01-10T17:32:43Z,1398,0.75,true
C000530,D000213,2026-02-07,2026-04-13T20:24:17Z,1675,0.86,true
C000531,D000096,2025-08-13,2026-01-08T23:15:14Z,300,0.93,true
C000531,D000401,2025-09-23,2026-02-14T19:13:02Z,434,0.87,true
C000532,D000055,2024-12-13,2025-02-28T00:14:59Z,1648,0.92,true
C000533,D000341,2023-05-18,2023-08-05T05:38:03Z,497,0.99,false
C000534,D000630,2025-08-23,2025-12-26T22:01:25Z,1215,0.95,true
C000534,D000283,2024-12-03,2025-06-29T22:14:14Z,1324,0.87,true
C000535,D000888,2024-07-26,2026-02-17T14:14:15Z,503,0.83,true
C000535,D000830,2024-10-10,2025-10-26T18:06:11Z,163,0.87,true
C000536,D000895,2025-09-07,2025-11-26T12:59:58Z,425,0.78,true
C000537,D000392,2024-07-15,2026-03-12T20:04:33Z,954,0.74,true
C000538,D000818,2024-02-20,2024-06-15T03:59:39Z,1250,0.8,true
C000539,D000576,2018-10-15,2023-11-20T19:55:06Z,1545,0.99,true
C000540,D000314,2024-01-17,2024-07-27T03:54:51Z,545,0.81,true
C000540,D000081,2024-08-14,2025-12-26T22:45:31Z,967,0.84,true
C000541,D000710,2025-12-26,2026-01-11T12:50:31Z,954,0.73,true
C000541,D000497,2025-11-23,2026-03-25T09:47:27Z,1740,0.97,true
C000542,D000428,2025-08-20,2025-09-11T19:32:39Z,198,0.88,true
C000542,D000526,2021-05-25,2024-08-26T14:09:57Z,102,0.76,true
C000543,D000583,2022-03-28,2024-12-28T19:51:06Z,786,0.41,true
C000544,D000507,2023-08-19,2024-10-14T11:06:15Z,536,0.67,true
C000545,D000366,2023-04-28,2025-11-29T15:15:58Z,890,0.97,true
C000546,D000774,2025-11-19,2025-12-19T05:11:16Z,1119,0.83,true
C000547,D000672,2025-07-02,2026-02-03T03:17:04Z,1594,0.87,true
C000548,D000820,2019-12-29,2025-12-28T13:09:35Z,619,0.58,true
C000549,D000136,2021-12-31,2022-10-23T20:47:23Z,900,0.67,true
C000550,D000810,2025-03-16,2026-01-31T03:39:26Z,1330,0.72,true
C000550,D000199,2025-11-30,2026-03-07T00:25:40Z,870,0.81,true
C000551,D000398,2018-04-08,2022-05-31T20:26:39Z,1760,0.86,true
C000552,D000479,2025-12-01,2026-03-04T16:43:42Z,721,0.99,true
C000553,D000808,2026-03-06,2026-04-16T05:58:22Z,1793,0.92,true
C000554,D000351,2025-01-31,2026-02-03T05:19:56Z,966,0.7,true
C000555,D000372,2024-06-16,2025-06-22T13:22:10Z,1698,0.74,true
C000556,D000038,2026-04-05,2026-04-12T08:06:56Z,14,0.8,true
C000557,D000811,2022-11-04,2023-02-03T23:35:25Z,1249,0.87,true
C000558,D000343,2023-05-21,2024-01-09T00:45:10Z,1158,0.9,true
C000559,D000671,2025-02-28,2026-04-20T02:28:03Z,1793,0.87,false
C000560,D000423,2023-06-16,2024-10-14T18:07:29Z,660,0.86,true
C000561,D000854,2025-10-21,2025-12-28T04:36:48Z,11,0.75,true
C000562,D000697,2025-03-27,2025-05-17T01:40:08Z,1686,0.78,true
C000563,D000344,2026-02-22,2026-03-20T03:37:11Z,1342,0.94,true
C000564,D000573,2026-03-30,2026-04-10T04:22:52Z,1017,0.77,true
C000565,D000284,2025-04-24,2025-09-21T01:38:59Z,497,0.67,true
C000566,D000365,2024-05-26,2024-09-26T18:36:08Z,665,0.91,true
C000566,D000344,2024-07-02,2025-05-01T04:28:46Z,94,0.85,true
C000567,D000168,2026-04-06,2026-04-17T08:59:18Z,458,0.94,false
C000568,D000253,2024-01-10,2025-12-26T05:17:41Z,850,0.71,true
C000569,D000520,2021-01-24,2025-03-30T05:45:59Z,1416,0.49,true
C000570,D000669,2024-02-15,2026-03-27T09:54:11Z,8,0.84,true
C000571,D000501,2019-08-17,2020-01-25T13:55:34Z,335,0.7,false
C000572,D000881,2025-02-21,2025-03-20T10:32:54Z,1400,0.52,true
C000573,D000474,2024-11-20,2026-02-08T20:25:54Z,994,0.78,true
C000574,D000644,2025-05-17,2026-03-31T08:24:18Z,1582,0.83,true
C000575,D000829,2023-05-16,2024-07-06T17:02:24Z,306,0.82,true
C000576,D000130,2022-09-05,2026-03-06T01:14:12Z,1048,0.7,true
C000577,D000358,2022-10-26,2025-11-10T16:19:36Z,570,0.84,true
C000578,D000875,2024-09-03,2025-01-23T06:44:01Z,1695,0.73,true
C000579,D000623,2023-09-24,2024-03-30T05:19:47Z,1298,0.82,true
C000579,D000216,2025-07-26,2025-10-09T19:44:53Z,1058,0.7,true
C000580,D000175,2026-03-11,2026-03-21T08:22:29Z,866,0.64,true
C000581,D000859,2025-03-03,2025-08-20T09:15:35Z,681,0.8,true
C000582,D000615,2022-12-25,2026-03-16T14:44:04Z,617,0.7,false
C000583,D000565,2023-04-11,2025-01-16T15:27:21Z,755,0.58,true
C000584,D000724,2023-03-26,2025-08-28T15:36:24Z,1252,0.93,true
C000585,D000300,2023-12-28,2025-02-09T15:55:46Z,710,0.88,true
C000586,D000137,2025-03-18,2026-03-06T10:11:21Z,1225,0.99,true
C000586,D000047,2025-04-03,2026-01-31T06:57:54Z,54,0.69,true
C000587,D000215,2022-06-21,2025-01-30T15:40:49Z,982,0.81,true
C000588,D000331,2023-10-18,2026-01-21T05:47:38Z,388,0.63,true
C000589,D000174,2026-01-28,2026-04-02T09:21:53Z,46,0.71,true
C000589,D000781,2024-09-07,2025-06-15T07:01:09Z,1260,0.82,true
C000590,D000039,2020-09-07,2026-04-04T01:14:13Z,1109,0.71,true
C000590,D000252,2021-06-12,2025-04-29T01:48:32Z,1489,0.73,true
C000591,D000525,2026-01-22,2026-02-14T06:28:46Z,86,0.75,true
C000592,D000141,2024-03-07,2025-09-15T10:54:54Z,430,0.81,true
C000593,D000208,2025-08-29,2026-04-19T15:29:10Z,1571,0.84,true
C000594,D000861,2022-12-17,2023-02-18T09:52:51Z,535,0.96,false
C000595,D000401,2025-09-29,2025-12-02T23:15:15Z,1433,0.78,true
C000596,D000413,2025-08-25,2025-10-15T08:32:21Z,1436,0.72,true
C000596,D000580,2020-12-22,2022-11-22T21:22:40Z,696,0.89,true
C000597,D000325,2025-01-07,2025-04-14T20:25:53Z,581,0.94,true
C000597,D000445,2024-03-10,2024-11-08T11:57:52Z,578,0.78,true
C000598,D000826,2022-06-12,2025-04-06T03:47:35Z,690,0.74,false
C000599,D000429,2018-11-13,2024-05-30T01:06:09Z,1285,0.92,true
C000600,D000378,2024-06-06,2025-11-26T08:13:40Z,1379,0.75,true
C000601,D000435,2023-08-20,2025-04-25T13:17:43Z,1519,0.62,true
C000602,D000056,2024-07-15,2025-04-23T05:35:04Z,1157,0.72,true
C000603,D000832,2023-04-20,2025-02-05T17:56:53Z,748,0.85,true
C000604,D000462,2024-08-22,2026-01-20T14:15:17Z,126,0.93,true
C000605,D000345,2025-09-27,2026-04-09T06:18:28Z,866,0.93,true
C000605,D000772,2026-03-09,2026-03-22T11:04:33Z,1518,0.77,true
C000606,D000799,2023-08-24,2025-01-01T18:47:37Z,956,0.84,true
C000607,D000354,2025-09-21,2025-09-24T03:33:05Z,204,0.89,true
C000607,D000725,2026-01-04,2026-04-08T20:29:13Z,1173,0.85,true
C000608,D000674,2025-02-28,2026-03-17T09:46:19Z,510,0.71,true
C000609,D000793,2026-02-28,2026-04-02T16:43:21Z,654,0.91,true
C000610,D000180,2019-08-11,2023-09-22T14:54:20Z,1214,0.52,true
C000611,D000123,2021-08-13,2025-09-25T10:37:20Z,801,0.99,true
C000611,D000005,2023-01-26,2023-09-06T04:08:03Z,1671,0.91,true
C000612,D000006,2025-05-22,2026-03-17T04:13:17Z,597,0.83,true
C000613,D000487,2023-07-07,2025-03-01T13:00:03Z,297,0.83,true
C000613,D000558,2024-01-07,2024-08-30T22:53:22Z,566,0.74,false
C000614,D000660,2025-12-14,2026-02-08T09:23:12Z,1178,0.68,true
C000614,D000083,2025-07-29,2026-04-18T20:37:09Z,1594,0.99,true
C000615,D000270,2025-09-13,2025-11-07T10:46:21Z,1321,0.74,false
C000616,D000442,2025-08-27,2026-04-13T14:14:10Z,605,0.84,true
C000617,D000594,2024-01-06,2024-03-18T02:13:54Z,1786,0.79,true
C000618,D000607,2024-06-15,2024-09-21T14:52:17Z,468,0.83,true
C000619,D000488,2026-01-18,2026-03-20T03:47:46Z,1484,0.71,true
C000620,D000335,2021-12-20,2022-04-23T06:14:26Z,1774,0.78,true
C000621,D000451,2023-01-16,2025-05-28T05:16:38Z,1784,0.83,true
C000622,D000357,2024-01-23,2025-04-07T00:30:54Z,512,0.77,true
C000623,D000198,2025-12-31,2026-03-19T07:16:50Z,51,0.78,true
C000624,D000400,2026-02-02,2026-03-24T04:24:17Z,346,0.55,false
C000625,D000018,2024-12-13,2024-12-20T13:08:38Z,699,0.8,true
C000626,D000879,2026-03-28,2026-04-05T14:40:46Z,270,0.36,true
C000627,D000285,2025-03-16,2025-06-24T18:38:27Z,855,0.94,false
C000628,D000166,2023-04-30,2025-01-15T06:14:45Z,1522,0.95,true
C000629,D000052,2024-06-27,2024-10-28T02:57:11Z,681,0.77,true
C000630,D000426,2025-06-26,2025-12-08T11:08:48Z,1366,0.99,true
C000631,D000555,2024-05-15,2026-04-10T12:49:31Z,1614,0.88,true
C000632,D000264,2024-08-11,2025-11-16T13:38:24Z,1045,0.81,true
C000633,D000791,2026-04-03,2026-04-14T03:40:30Z,425,0.73,true
C000634,D000772,2025-07-26,2026-04-04T15:01:23Z,965,0.82,true
C000634,D000874,2024-06-07,2025-03-06T07:31:41Z,919,0.74,true
C000635,D000436,2025-01-08,2025-09-19T11:04:31Z,1250,0.8,true
C000636,D000874,2021-01-23,2023-07-10T05:03:30Z,959,0.71,true
C000637,D000806,2026-01-16,2026-04-06T16:33:55Z,644,0.95,true
C000638,D000105,2024-04-25,2024-06-27T00:51:31Z,844,0.82,true
C000639,D000199,2020-08-01,2024-03-18T19:20:09Z,133,0.85,true
C000640,D000868,2024-09-13,2025-10-09T22:58:10Z,1513,0.83,true
C000641,D000195,2026-04-06,2026-04-10T16:55:55Z,1088,0.79,true
C000642,D000466,2024-04-05,2025-07-04T15:44:16Z,1178,0.85,true
C000643,D000899,2025-06-08,2025-06-26T18:45:01Z,1580,0.61,true
C000643,D000771,2020-10-15,2021-03-18T17:04:26Z,219,0.84,true
C000644,D000476,2022-11-15,2025-11-01T17:31:50Z,1473,0.7,true
C000645,D000015,2022-08-27,2025-08-02T08:35:20Z,1085,0.84,false
C000646,D000522,2025-03-09,2026-01-16T05:05:10Z,355,0.73,true
C000647,D000299,2024-02-19,2024-07-17T17:18:37Z,1635,0.89,true
C000648,D000790,2026-02-22,2026-04-20T04:27:54Z,1657,0.79,true
C000649,D000628,2024-08-16,2025-12-19T11:25:15Z,251,0.68,true
C000649,D000336,2023-08-08,2025-02-25T14:47:33Z,1130,0.87,true
C000650,D000751,2023-01-04,2024-03-15T10:28:49Z,1064,0.75,true
C000651,D000079,2025-12-27,2026-03-04T09:33:07Z,299,0.89,true
C000651,D000195,2025-12-18,2026-01-06T23:28:47Z,334,0.79,true
C000652,D000327,2022-05-21,2024-05-19T11:31:36Z,244,0.8,true
C000653,D000306,2024-06-01,2025-05-23T07:41:29Z,89,0.85,true
C000654,D000684,2025-03-06,2025-10-24T23:45:15Z,494,0.77,true
C000655,D000011,2018-10-13,2021-05-01T22:44:24Z,732,0.97,true
C000655,D000372,2024-01-25,2026-01-31T06:37:21Z,1741,0.73,true
C000656,D000375,2026-03-12,2026-03-26T00:38:00Z,1677,0.94,false
C000656,D000530,2026-03-18,2026-04-04T21:32:13Z,1467,0.95,false
C000657,D000679,2020-08-31,2026-04-07T14:18:09Z,60,0.85,true
C000658,D000846,2023-11-13,2025-10-29T13:39:29Z,1328,0.7,true
C000659,D000009,2024-10-25,2025-02-28T14:03:46Z,1311,0.87,true
C000660,D000836,2021-04-23,2021-07-11T16:51:54Z,23,0.79,true
C000661,D000088,2025-08-30,2025-12-23T10:47:59Z,950,0.64,true
C000662,D000812,2024-12-26,2025-12-10T02:41:51Z,330,0.75,true
C000663,D000184,2024-10-13,2025-04-29T23:59:05Z,1770,0.96,true
C000663,D000590,2025-04-11,2025-05-08T06:35:39Z,248,0.99,true
C000664,D000804,2024-11-06,2025-08-07T16:47:14Z,1268,0.87,true
C000665,D000202,2024-07-04,2026-03-31T14:46:56Z,1060,0.83,true
C000665,D000601,2024-04-13,2024-05-22T03:15:58Z,1090,0.73,true
C000666,D000568,2024-08-01,2025-04-24T19:39:11Z,106,0.92,true
C000667,D000348,2023-09-16,2026-03-09T07:24:13Z,1299,0.74,true
C000668,D000482,2026-02-06,2026-03-29T20:22:49Z,653,0.88,true
C000669,D000272,2025-11-13,2026-01-25T04:54:35Z,1365,0.84,true
C000670,D000235,2020-07-28,2022-06-24T02:40:13Z,1373,0.75,true
C000670,D000534,2024-07-07,2025-10-11T15:23:38Z,658,0.95,true
C000671,D000668,2025-10-25,2026-01-01T02:42:03Z,1087,0.95,true
C000672,D000786,2025-11-21,2026-03-18T18:29:15Z,527,0.82,true
C000673,D000158,2026-01-02,2026-04-17T10:22:58Z,192,0.82,true
C000674,D000077,2026-03-27,2026-04-17T11:19:11Z,708,0.74,true
C000674,D000304,2026-03-22,2026-04-11T04:45:48Z,1129,0.46,true
C000675,D000454,2021-08-09,2025-04-18T20:34:33Z,1553,0.9,true
C000676,D000065,2022-05-19,2022-07-01T18:54:28Z,1480,0.76,false
C000677,D000395,2022-02-08,2023-12-06T08:28:07Z,980,0.73,true
C000678,D000682,2022-08-06,2024-08-10T12:45:16Z,500,0.86,true
C000679,D000608,2022-10-21,2025-03-06T03:48:30Z,1271,0.87,true
C000679,D000188,2021-03-16,2026-02-16T15:20:43Z,1431,0.88,false
C000680,D000453,2018-11-03,2022-09-30T05:25:29Z,838,0.84,true
C000681,D000635,2025-01-24,2026-02-16T08:47:21Z,841,0.74,true
C000681,D000256,2023-11-25,2024-04-28T05:58:20Z,447,0.86,true
C000682,D000150,2023-09-04,2025-03-01T16:17:00Z,327,0.9,false
C000683,D000556,2024-06-21,2024-08-25T19:49:05Z,683,0.73,true
C000684,D000443,2024-07-10,2025-08-29T06:53:03Z,768,0.9,false
C000685,D000274,2024-08-14,2025-10-08T07:47:06Z,56,0.69,false
C000686,D000244,2024-03-27,2024-11-08T21:43:19Z,1620,0.68,true
C000687,D000164,2025-09-09,2026-03-18T17:53:13Z,1271,0.96,true
C000688,D000377,2023-04-24,2025-06-15T10:59:51Z,293,0.74,true
C000689,D000472,2025-05-29,2026-03-03T10:44:02Z,1167,0.96,true
C000690,D000066,2023-09-02,2023-09-24T15:36:31Z,578,0.83,true
C000691,D000537,2026-01-19,2026-01-28T02:52:14Z,919,0.86,true
C000692,D000699,2025-01-02,2025-05-03T00:09:46Z,599,0.83,true
C000692,D000864,2024-09-20,2024-11-09T08:11:30Z,1239,0.67,true
C000693,D000008,2026-01-09,2026-02-23T01:07:04Z,1546,0.88,true
C000694,D000081,2021-08-04,2025-08-13T19:11:03Z,1199,0.86,true
C000695,D000713,2025-08-25,2026-01-23T05:05:37Z,601,0.78,true
C000696,D000708,2025-12-30,2026-02-26T02:55:19Z,240,0.77,true
C000697,D000338,2024-03-08,2024-12-12T12:09:33Z,1356,0.78,true
C000698,D000287,2025-06-19,2025-08-01T06:04:04Z,261,0.73,true
C000699,D000317,2025-10-21,2026-03-16T12:14:23Z,1178,0.88,true
C000699,D000412,2025-04-08,2026-02-01T18:37:12Z,1142,0.65,true
C000700,D000444,2023-06-25,2024-04-21T19:19:10Z,670,0.59,true
C000701,D000204,2023-02-03,2023-07-29T16:34:20Z,738,0.85,true
C000702,D000213,2023-08-13,2025-07-01T13:09:34Z,33,0.77,true
C000703,D000311,2021-10-06,2023-05-21T03:28:48Z,455,0.7,true
C000703,D000178,2024-04-05,2025-06-13T05:49:29Z,1300,0.83,true
C000704,D000193,2023-09-23,2024-10-24T11:41:01Z,75,0.73,true
C000705,D000516,2024-11-22,2024-12-12T04:57:06Z,1118,0.7,true
C000705,D000823,2024-12-03,2026-03-07T10:15:13Z,625,0.82,true
C000706,D000139,2026-03-07,2026-04-13T05:30:48Z,565,0.98,true
C000707,D000078,2022-04-19,2025-12-10T17:56:14Z,992,0.84,true
C000708,D000705,2025-11-14,2025-12-26T15:24:25Z,967,0.85,true
C000709,D000298,2024-10-04,2025-05-24T15:30:02Z,1572,0.74,true
C000710,D000554,2022-10-07,2024-02-08T00:49:41Z,307,0.73,true
C000710,D000320,2025-05-18,2025-12-04T07:46:05Z,28,0.82,true
C000711,D000694,2025-08-10,2025-10-23T17:58:15Z,686,0.93,false
C000712,D000538,2026-04-06,2026-04-15T12:16:40Z,507,0.91,true
C000713,D000506,2026-02-25,2026-03-30T06:48:07Z,1159,0.9,true
C000714,D000534,2025-02-10,2025-05-22T12:26:07Z,32,0.86,true
C000715,D000063,2025-01-27,2026-03-28T23:10:33Z,703,0.77,true
C000716,D000896,2026-02-24,2026-02-28T10:01:29Z,1236,0.98,true
C000716,D000551,2025-11-22,2026-03-20T21:42:23Z,84,0.74,true
C000717,D000759,2024-05-05,2025-02-28T16:32:26Z,1444,0.97,true
C000717,D000222,2024-07-25,2025-01-01T15:17:11Z,755,0.91,true
C000718,D000457,2019-11-27,2025-03-28T02:52:09Z,1567,0.92,true
C000719,D000303,2020-08-19,2023-11-14T18:45:36Z,68,0.7,true
C000720,D000890,2023-01-06,2023-03-06T19:41:04Z,56,0.75,true
C000720,D000532,2024-10-25,2026-01-19T23:13:01Z,1528,0.78,true
C000721,D000582,2023-03-05,2025-02-27T12:09:29Z,1578,0.92,true
C000722,D000757,2019-12-22,2022-04-19T05:40:26Z,1709,0.83,true
C000722,D000015,2025-12-18,2026-02-27T20:36:53Z,1356,0.7,true
C000723,D000102,2021-08-01,2025-03-25T07:16:29Z,867,0.66,true
C000724,D000766,2023-07-23,2025-07-23T05:30:04Z,429,0.75,true
C000724,D000561,2021-08-22,2022-08-31T12:45:19Z,874,0.75,true
C000725,D000324,2025-05-08,2026-03-23T02:20:36Z,1792,0.73,true
C000726,D000467,2020-04-10,2020-05-01T21:17:43Z,255,0.99,true
C000727,D000182,2024-08-03,2026-02-08T13:10:35Z,33,0.96,true
C000727,D000892,2025-05-15,2025-09-14T22:34:28Z,1222,0.68,false
C000728,D000616,2025-04-25,2025-10-24T22:35:53Z,1459,0.86,true
C000729,D000819,2023-12-11,2024-04-11T11:04:16Z,708,0.78,true
C000729,D000466,2023-09-17,2025-07-31T11:55:07Z,1306,0.85,true
C000730,D000869,2024-04-23,2025-03-30T13:48:01Z,1159,0.75,true
C000731,D000822,2019-09-29,2026-01-06T22:39:11Z,1573,0.91,true
C000732,D000383,2025-12-28,2026-01-21T02:01:47Z,1137,0.82,true
C000732,D000728,2024-12-06,2026-04-17T08:54:31Z,407,0.89,true
C000733,D000187,2023-12-30,2024-12-31T12:20:13Z,566,0.8,true
C000734,D000361,2023-05-14,2024-05-06T07:34:49Z,933,0.82,true
C000735,D000716,2024-12-03,2026-04-07T04:14:15Z,1300,0.42,true
C000735,D000715,2024-07-26,2024-08-15T00:42:49Z,110,0.78,false
C000736,D000625,2024-12-17,2025-06-11T20:07:46Z,1293,0.73,true
C000737,D000206,2025-05-09,2025-12-13T06:16:25Z,391,0.83,true
C000738,D000603,2025-09-17,2026-01-29T23:50:49Z,269,0.53,true
C000738,D000113,2024-10-21,2025-03-24T17:27:10Z,686,0.79,true
C000739,D000526,2026-01-17,2026-04-11T16:43:39Z,1447,0.88,true
C000740,D000569,2025-11-22,2025-11-26T19:15:11Z,467,0.74,true
C000741,D000617,2025-07-22,2025-12-12T11:09:21Z,94,0.83,true
C000741,D000633,2022-07-23,2022-11-25T06:58:14Z,1398,0.75,true
C000742,D000222,2023-08-02,2026-02-07T18:28:18Z,1672,0.93,false
C000743,D000599,2025-08-15,2025-08-20T21:49:42Z,397,0.82,true
C000744,D000631,2024-11-14,2026-01-27T14:08:45Z,1711,0.91,true
C000745,D000736,2025-10-22,2026-01-05T01:24:08Z,1283,0.82,true
C000745,D000626,2025-02-09,2026-03-22T15:18:57Z,1030,0.76,true
C000746,D000120,2024-01-24,2025-02-18T16:29:25Z,864,0.86,true
C000746,D000071,2025-12-21,2025-12-31T19:29:15Z,1392,0.46,true
C000747,D000033,2024-02-07,2026-03-28T16:52:43Z,1798,0.85,true
C000748,D000695,2025-11-15,2026-04-10T08:23:48Z,1710,0.95,true
C000749,D000149,2025-06-21,2025-07-16T21:40:05Z,1053,0.46,true
C000750,D000596,2020-12-05,2022-10-05T08:33:12Z,1177,0.52,true
C000751,D000201,2026-01-29,2026-02-08T12:51:59Z,1020,0.79,true
C000752,D000028,2023-11-08,2024-01-29T15:24:32Z,291,0.65,true
C000752,D000886,2025-12-22,2026-01-25T01:03:24Z,403,0.94,true
C000753,D000841,2022-02-10,2023-04-16T19:17:34Z,488,0.89,true
C000753,D000553,2022-06-04,2025-01-30T14:47:59Z,691,0.78,true
C000754,D000696,2020-10-22,2021-11-14T23:37:38Z,322,0.81,true
C000754,D000886,2024-11-11,2025-06-27T04:39:17Z,128,0.88,true
C000755,D000250,2026-03-18,2026-03-26T03:13:16Z,691,0.85,true
C000756,D000214,2025-04-12,2026-03-14T18:10:19Z,176,0.84,false
C000757,D000572,2023-10-15,2024-02-06T19:46:27Z,1242,0.87,true
C000758,D000318,2026-01-30,2026-03-12T20:21:41Z,1068,0.86,true
C000759,D000103,2025-07-26,2025-11-29T06:30:01Z,28,0.77,true
C000760,D000425,2024-12-25,2025-02-12T14:30:31Z,134,0.89,false
C000761,D000433,2023-11-25,2025-07-04T13:15:58Z,1564,0.99,true
C000761,D000032,2022-06-24,2023-04-27T06:35:22Z,939,0.69,true
C000762,D000016,2021-12-03,2023-12-18T05:05:34Z,548,0.97,false
C000763,D000430,2023-08-26,2024-04-02T15:29:29Z,79,0.69,true
C000764,D000706,2025-11-22,2026-02-16T20:00:55Z,1703,0.85,true
C000765,D000657,2025-05-25,2025-12-24T07:15:58Z,1724,0.89,true
C000766,D000207,2022-09-17,2024-09-01T01:20:11Z,540,0.83,true
C000766,D000189,2020-09-28,2021-07-02T11:05:40Z,621,0.99,true
C000767,D000464,2025-10-02,2026-04-15T12:52:07Z,833,0.81,true
C000768,D000639,2024-06-20,2024-08-20T15:57:36Z,1052,0.91,true
C000769,D000593,2025-09-18,2026-04-09T19:38:27Z,382,0.89,true
C000770,D000279,2026-03-19,2026-04-11T07:52:13Z,579,0.59,true
C000771,D000491,2024-11-22,2026-02-23T01:42:57Z,1629,0.91,true
C000772,D000864,2025-06-18,2025-12-01T23:59:09Z,112,0.71,true
C000773,D000005,2026-02-05,2026-04-15T02:48:29Z,968,0.97,true
C000773,D000222,2025-09-22,2025-12-19T18:07:43Z,599,0.77,true
C000774,D000600,2026-03-04,2026-03-30T14:26:51Z,1042,0.81,true
C000775,D000268,2026-03-30,2026-04-09T04:23:05Z,1091,0.85,true
C000776,D000127,2023-08-05,2025-12-19T03:58:48Z,537,0.86,true
C000776,D000453,2024-11-13,2025-09-23T06:39:01Z,1309,0.87,true
C000777,D000618,2024-10-12,2026-03-07T10:54:19Z,878,0.79,true
C000778,D000364,2021-10-10,2022-03-04T07:46:49Z,508,0.97,true
C000778,D000447,2021-11-13,2023-01-18T07:35:59Z,335,0.94,true
C000779,D000432,2026-02-25,2026-03-05T02:35:30Z,731,0.76,true
C000780,D000097,2025-08-21,2025-08-29T02:09:05Z,861,0.83,true
C000780,D000302,2026-02-05,2026-02-15T23:15:26Z,1293,0.85,true
C000781,D000260,2019-06-08,2021-08-29T17:02:56Z,71,0.75,true
C000782,D000340,2024-11-10,2025-05-29T07:05:17Z,1502,0.97,true
C000783,D000092,2025-09-30,2025-10-17T07:49:01Z,926,0.77,true
C000784,D000545,2025-12-03,2026-01-17T23:55:11Z,1248,0.8,true
C000784,D000446,2026-02-18,2026-04-12T15:51:45Z,147,0.86,true
C000785,D000592,2024-12-16,2025-05-26T00:22:35Z,1526,0.78,true
C000786,D000747,2022-07-12,2025-12-14T11:37:57Z,281,0.85,true
C000787,D000643,2026-03-11,2026-04-05T03:43:00Z,1324,0.71,true
C000788,D000770,2025-06-25,2026-04-18T17:17:57Z,1174,0.87,true
C000788,D000439,2025-06-19,2025-08-16T19:15:55Z,493,0.88,true
C000789,D000749,2021-04-27,2022-10-18T13:41:23Z,1702,0.97,true
C000789,D000487,2022-11-08,2025-02-26T00:47:18Z,1332,0.83,true
C000790,D000173,2024-12-06,2024-12-08T01:37:20Z,574,0.93,true
C000790,D000891,2024-06-05,2025-04-12T19:48:34Z,940,0.65,true
C000791,D000641,2025-05-11,2026-03-29T13:35:40Z,819,0.96,true
C000792,D000645,2026-03-27,2026-03-30T07:44:15Z,861,0.84,true
C000793,D000190,2020-09-28,2024-09-06T21:57:30Z,1547,0.89,true
C000793,D000050,2025-10-05,2026-01-04T08:34:20Z,297,0.88,true
C000794,D000410,2024-01-10,2026-04-15T01:05:39Z,169,0.88,false
C000795,D000688,2023-05-15,2024-12-12T22:28:05Z,603,0.87,true
C000796,D000492,2025-03-17,2025-06-13T14:15:16Z,1025,0.64,true
C000797,D000776,2023-12-23,2026-02-14T08:47:38Z,1165,0.77,true
C000797,D000146,2023-11-22,2024-11-13T15:39:07Z,268,0.99,true
C000798,D000840,2022-11-16,2022-12-29T14:51:21Z,905,0.78,true
C000799,D000575,2026-01-30,2026-04-10T09:32:12Z,1531,0.85,true
C000800,D000305,2025-04-09,2025-04-24T11:48:34Z,1296,0.87,true
C000801,D000851,2022-04-19,2023-12-12T02:13:18Z,1209,0.97,true
C000802,D000788,2024-07-29,2025-06-23T08:54:57Z,1759,0.84,true
C000803,D000403,2025-01-20,2025-10-31T23:29:50Z,1617,0.58,true
C000804,D000548,2023-09-13,2024-01-24T21:22:38Z,586,0.82,true
C000804,D000173,2022-06-03,2024-10-03T21:05:28Z,916,0.97,true
C000805,D000363,2022-09-08,2023-08-04T10:25:22Z,1698,0.53,true
C000806,D000229,2024-11-02,2026-03-29T08:59:08Z,335,0.66,false
C000806,D000226,2020-04-03,2025-01-14T07:25:28Z,429,0.88,true
C000807,D000072,2022-11-26,2025-07-30T19:03:32Z,613,0.56,true
C000808,D000737,2022-04-26,2023-09-14T20:17:02Z,1717,0.86,true
C000809,D000662,2025-02-05,2025-09-05T04:18:08Z,145,0.96,true
C000809,D000827,2025-09-28,2026-01-29T10:41:12Z,435,0.77,true
C000810,D000197,2024-03-11,2025-11-08T14:55:43Z,1113,0.9,true
C000810,D000812,2025-08-03,2025-08-11T01:23:34Z,1394,0.78,true
C000811,D000807,2022-11-09,2025-02-11T02:41:14Z,661,0.78,true
C000812,D000356,2025-11-17,2026-02-18T18:43:19Z,70,0.79,true
C000813,D000159,2023-01-29,2023-06-17T11:11:38Z,951,0.89,true
C000814,D000371,2025-12-20,2026-01-17T00:28:19Z,77,0.93,true
C000815,D000230,2025-06-29,2026-04-14T02:56:48Z,753,0.87,true
C000816,D000709,2023-09-06,2025-11-16T15:00:15Z,234,0.67,true
C000817,D000880,2024-01-15,2025-08-19T16:49:25Z,1201,0.93,true
C000818,D000595,2022-09-28,2022-12-06T01:41:42Z,1308,0.81,true
C000819,D000579,2025-04-20,2025-10-19T23:02:38Z,185,0.91,true
C000820,D000897,2022-11-05,2024-04-04T21:18:53Z,709,0.74,false
C000821,D000589,2020-10-14,2023-07-14T00:13:52Z,1154,0.85,true
C000821,D000485,2023-03-26,2026-02-02T02:24:10Z,1780,0.91,true
C000822,D000731,2024-09-05,2025-03-15T12:35:27Z,91,0.87,true
C000823,D000082,2025-08-25,2025-09-07T20:44:58Z,176,0.8,true
C000824,D000353,2023-04-19,2025-08-18T06:14:06Z,505,0.79,true
C000825,D000563,2019-05-04,2021-04-13T14:53:38Z,1646,0.78,true
C000826,D000228,2022-10-10,2024-05-25T12:55:50Z,1632,0.65,true
C000827,D000142,2023-11-10,2025-12-19T07:55:27Z,1241,0.99,true
C000828,D000551,2025-07-05,2025-11-01T01:51:46Z,640,0.7,true
C000829,D000508,2023-01-24,2023-12-16T04:08:08Z,179,0.89,false
C000829,D000160,2022-12-02,2024-09-07T09:53:31Z,1153,0.97,true
C000830,D000093,2023-11-01,2024-02-03T22:52:36Z,1597,0.8,true
C000831,D000212,2023-08-18,2025-02-26T12:04:37Z,1315,0.77,true
C000832,D000755,2021-08-20,2022-01-18T01:32:33Z,1324,0.76,true
C000833,D000304,2023-05-18,2024-07-28T09:08:47Z,857,0.63,true
C000834,D000704,2025-11-12,2026-04-08T14:32:53Z,764,0.88,true
C000835,D000627,2023-03-01,2025-12-11T15:34:29Z,1312,0.77,true
C000836,D000727,2026-01-13,2026-03-23T02:07:05Z,1611,0.99,true
C000836,D000608,2026-01-09,2026-02-24T16:29:13Z,1704,0.94,true
C000837,D000652,2026-03-09,2026-04-06T09:57:57Z,1460,0.82,false
C000837,D000491,2026-02-16,2026-03-27T10:08:25Z,900,0.99,true
C000838,D000101,2020-12-22,2021-11-10T12:27:51Z,1260,0.88,true
C000839,D000191,2023-06-16,2025-01-28T02:44:06Z,466,0.78,false
C000840,D000636,2025-09-11,2025-12-08T15:24:50Z,1053,0.91,true
C000841,D000518,2024-01-25,2025-07-09T07:09:19Z,1416,0.88,true
C000842,D000044,2023-11-22,2025-11-11T04:17:20Z,322,0.69,true
C000843,D000241,2025-06-02,2025-07-21T22:53:35Z,169,0.88,true
C000844,D000075,2024-04-19,2025-10-17T13:12:09Z,225,0.72,true
C000845,D000076,2023-11-19,2023-12-14T11:54:27Z,1036,0.87,true
C000846,D000262,2022-10-06,2025-01-12T21:32:53Z,834,0.99,true
C000846,D000805,2024-04-03,2024-11-01T06:18:29Z,213,0.74,true
C000847,D000042,2026-03-31,2026-04-13T23:42:40Z,1409,0.72,true
C000848,D000385,2026-02-25,2026-03-08T16:47:25Z,1302,0.7,false
C000849,D000117,2024-11-02,2026-01-28T02:22:06Z,1487,0.98,true
C000850,D000355,2021-07-14,2024-11-18T00:08:07Z,197,0.96,true
C000850,D000425,2020-08-04,2021-12-26T12:37:31Z,1140,0.94,true
C000851,D000177,2021-09-24,2025-06-03T15:24:45Z,1053,0.77,false
C000852,D000570,2022-12-14,2024-08-08T04:18:37Z,744,0.89,false
C000853,D000026,2026-04-06,2026-04-13T12:58:49Z,867,0.95,true
C000854,D000532,2025-04-10,2025-09-07T13:16:36Z,1022,0.74,true
C000855,D000553,2022-08-28,2024-07-04T05:01:49Z,514,0.89,false
C000855,D000900,2025-04-10,2026-02-07T13:37:20Z,263,0.93,true
C000856,D000245,2024-03-28,2024-10-21T11:53:55Z,86,0.8,true
C000856,D000446,2024-04-21,2025-12-23T08:21:17Z,663,0.89,true
C000857,D000677,2019-02-18,2020-03-24T01:33:16Z,1377,0.77,true
C000858,D000004,2025-05-31,2026-02-21T02:14:21Z,1159,0.85,true
C000859,D000047,2021-05-23,2024-07-30T07:42:47Z,744,0.71,true
C000860,D000220,2025-03-02,2025-12-03T02:01:45Z,240,0.68,false
C000860,D000712,2025-05-06,2026-04-01T04:46:52Z,401,0.82,true
C000861,D000050,2026-02-25,2026-03-23T06:26:48Z,825,0.96,true
C000862,D000223,2021-12-28,2025-07-30T12:23:19Z,510,0.9,true
C000863,D000637,2025-03-07,2025-04-20T10:34:36Z,434,0.73,true
C000864,D000337,2025-11-30,2025-11-30T18:23:45Z,660,0.78,true
C000864,D000859,2023-02-04,2025-05-12T14:42:58Z,1528,0.81,true
C000865,D000887,2025-11-02,2026-04-07T14:15:30Z,927,0.71,true
C000866,D000456,2026-03-31,2026-04-14T03:56:49Z,479,0.83,true
C000867,D000189,2023-11-04,2024-11-14T02:50:57Z,1705,0.99,true
C000867,D000217,2024-06-30,2025-05-08T12:48:04Z,1077,0.93,true
C000868,D000702,2024-12-04,2025-01-11T07:53:53Z,918,0.64,true
C000868,D000060,2022-02-16,2023-04-20T09:03:40Z,1469,0.91,true
C000869,D000739,2024-11-05,2025-01-29T17:15:35Z,1579,0.94,true
C000870,D000758,2026-01-08,2026-03-03T01:01:43Z,1527,0.84,true
C000871,D000134,2020-07-07,2024-11-02T20:43:15Z,1391,0.78,true
C000871,D000565,2025-08-22,2025-11-17T01:45:31Z,1193,0.55,true
C000872,D000239,2025-05-26,2026-02-20T11:28:04Z,711,0.91,true
C000873,D000638,2024-01-28,2025-06-24T21:37:25Z,476,0.71,true
C000873,D000694,2020-02-29,2022-09-30T01:22:50Z,499,0.99,true
C000874,D000070,2019-04-08,2019-09-06T19:48:29Z,353,0.81,true
C000875,D000871,2025-10-12,2026-02-17T04:14:25Z,1323,0.9,false
C000876,D000037,2018-12-31,2023-03-04T01:38:26Z,8,0.68,true
C000877,D000513,2026-03-23,2026-04-17T03:18:55Z,1542,0.83,true
C000878,D000860,2023-09-27,2026-03-08T14:48:52Z,953,0.72,true
C000879,D000412,2025-02-23,2026-03-08T02:09:41Z,1560,0.67,true
C000880,D000762,2026-01-01,2026-01-27T20:55:11Z,1745,0.89,true
C000881,D000109,2024-09-19,2024-10-08T06:18:25Z,1724,0.88,true
C000882,D000465,2024-09-17,2024-11-05T11:18:48Z,113,0.71,false
C000883,D000689,2021-04-20,2024-01-10T14:16:26Z,1215,0.95,true
C000884,D000310,2026-03-17,2026-03-30T17:34:41Z,1775,0.94,true
C000885,D000460,2025-10-24,2026-02-25T18:59:58Z,893,0.98,true
C000886,D000046,2026-04-06,2026-04-20T07:02:30Z,258,0.92,true
C000887,D000389,2024-09-06,2025-12-17T18:47:58Z,743,0.83,false
C000888,D000498,2026-03-20,2026-04-09T18:16:55Z,996,0.86,true
C000889,D000352,2026-01-27,2026-02-01T19:19:42Z,1765,0.77,true
C000890,D000153,2023-12-23,2025-01-11T14:41:45Z,651,0.77,true
C000891,D000581,2022-08-14,2023-05-21T11:56:03Z,1760,0.68,false
C000892,D000740,2025-12-06,2025-12-10T14:28:15Z,1498,0.66,true
C000893,D000676,2024-11-28,2025-05-27T22:32:41Z,160,0.81,true
C000894,D000883,2025-01-03,2025-09-05T08:36:50Z,1289,0.95,true
C000895,D000210,2023-05-25,2024-05-01T08:10:10Z,1013,0.46,true
C000896,D000481,2025-01-30,2026-04-02T12:04:18Z,420,0.99,true
C000896,D000271,2025-02-28,2025-11-01T16:40:54Z,32,0.83,true
C000897,D000718,2024-07-30,2024-09-15T06:34:18Z,762,0.81,true
C000897,D000443,2025-10-06,2026-01-23T19:33:31Z,124,0.87,true
C000898,D000307,2025-09-22,2026-04-03T04:40:56Z,1303,0.86,false
C000899,D000025,2025-06-10,2026-01-31T11:48:36Z,1696,0.56,true
C000900,D000833,2025-08-09,2026-01-23T22:30:16Z,1757,0.84,true
C000901,D000544,2026-03-01,2026-03-07T20:46:56Z,1789,0.92,true
C000902,D000671,2020-05-26,2025-04-09T06:10:40Z,1479,0.83,true
C000902,D000678,2021-11-08,2022-12-23T12:44:45Z,596,0.6,true
C000903,D000429,2025-11-06,2025-12-07T16:47:33Z,1103,0.83,true
C000903,D000059,2026-02-24,2026-04-04T19:45:58Z,1097,0.98,true
C000904,D000454,2024-09-12,2026-02-18T19:51:25Z,1478,0.86,true
C000904,D000900,2023-10-20,2025-06-04T12:26:41Z,1289,0.96,true
C000905,D000283,2022-03-12,2023-05-20T16:03:39Z,840,0.8,true
C000906,D000622,2021-07-15,2022-06-14T06:28:49Z,1559,0.81,true
C000906,D000453,2021-02-15,2022-11-14T10:07:24Z,1477,0.92,true
C000907,D000012,2026-02-01,2026-02-08T06:48:28Z,680,0.67,true
C000907,D000108,2025-12-15,2026-04-08T02:16:43Z,1444,0.91,true
C000908,D000782,2020-11-20,2022-08-10T05:07:09Z,336,0.71,true
C000909,D000833,2022-10-24,2023-07-12T13:38:49Z,1195,0.92,true
C000910,D000493,2023-07-12,2025-07-27T12:56:11Z,1391,0.94,true
C000911,D000414,2025-03-25,2026-04-04T19:44:13Z,220,0.94,true
C000912,D000399,2026-03-23,2026-04-12T09:39:08Z,370,0.66,true
C000913,D000379,2024-10-15,2026-01-15T09:44:27Z,801,0.66,true
C000913,D000161,2025-04-01,2026-01-10T02:23:12Z,1499,0.95,true
C000914,D000304,2026-04-03,2026-04-18T09:26:04Z,36,0.47,true
C000915,D000680,2023-02-02,2023-05-15T03:56:24Z,355,0.88,true
C000916,D000893,2025-02-10,2025-12-02T11:18:30Z,601,0.72,true
C000916,D000243,2025-02-27,2026-04-01T21:45:34Z,1322,0.6,true
C000917,D000774,2019-10-25,2020-06-15T01:37:13Z,1129,0.77,true
C000917,D000676,2019-09-20,2025-06-09T21:03:49Z,1000,0.86,true
C000918,D000072,2024-10-03,2026-01-06T09:16:41Z,318,0.54,true
C000918,D000471,2025-08-26,2025-09-04T01:11:47Z,204,0.73,true
C000919,D000326,2025-12-11,2026-04-06T11:22:59Z,1040,0.66,true
C000920,D000818,2024-07-10,2025-06-10T16:50:38Z,1367,0.79,true
C000921,D000608,2023-03-31,2024-02-20T03:41:34Z,48,0.82,true
C000921,D000519,2023-05-13,2024-02-22T03:17:07Z,238,0.9,true
C000922,D000558,2025-11-18,2025-12-15T06:59:53Z,1090,0.64,true
C000923,D000780,2023-08-18,2024-03-12T18:47:06Z,684,0.76,true
C000924,D000770,2023-05-04,2026-01-26T17:03:24Z,63,0.86,true
C000925,D000239,2023-06-18,2025-12-03T23:47:56Z,230,0.75,true
C000926,D000075,2026-02-17,2026-03-21T14:43:43Z,674,0.69,true
C000927,D000499,2022-11-27,2023-12-11T14:19:55Z,327,0.88,true
C000928,D000277,2024-02-29,2026-02-03T17:18:20Z,260,0.77,true
C000929,D000508,2022-08-22,2025-07-08T11:57:42Z,543,0.74,true
C000930,D000409,2023-12-02,2024-09-02T22:56:13Z,1665,0.83,true
C000931,D000247,2025-09-12,2026-02-11T17:04:16Z,1749,0.78,true
C000931,D000197,2025-05-13,2026-02-11T11:29:03Z,1292,0.8,true
C000932,D000568,2024-09-24,2025-01-25T21:13:50Z,572,0.88,true
C000933,D000512,2025-12-07,2026-03-26T13:28:06Z,1625,0.71,true
C000933,D000553,2025-08-22,2025-12-28T23:59:09Z,1773,0.87,true
C000934,D000493,2023-07-10,2024-04-08T08:14:34Z,8,0.91,true
C000935,D000163,2023-09-19,2024-06-07T12:41:59Z,754,0.99,true
C000936,D000406,2024-07-21,2025-05-19T15:13:40Z,767,0.7,true
C000937,D000840,2019-08-05,2020-04-26T00:05:46Z,389,0.86,true
C000938,D000803,2022-09-20,2026-04-01T15:15:04Z,810,0.97,true
C000938,D000896,2021-04-12,2023-07-06T00:06:40Z,1484,0.97,true
C000939,D000132,2026-03-15,2026-03-25T11:56:44Z,1405,0.9,true
C000940,D000817,2024-05-28,2025-03-10T13:03:03Z,961,0.72,true
C000941,D000444,2021-09-06,2025-08-11T08:59:44Z,899,0.62,true
C000941,D000270,2023-06-25,2024-08-26T09:49:23Z,148,0.76,true
C000942,D000002,2024-12-20,2025-09-22T17:51:03Z,230,0.84,true
C000943,D000628,2025-06-03,2025-12-14T07:55:24Z,189,0.68,true
C000944,D000195,2021-12-21,2025-03-27T18:17:06Z,1368,0.76,true
C000945,D000447,2025-08-17,2026-01-03T01:40:51Z,191,0.8,true
C000945,D000660,2023-03-15,2023-09-19T11:03:05Z,732,0.77,true
C000946,D000862,2023-06-26,2024-06-11T11:07:18Z,1076,0.64,false
C000947,D000239,2022-11-12,2026-02-24T02:38:03Z,583,0.92,true
C000948,D000184,2019-12-21,2024-06-19T09:06:19Z,704,0.86,false
C000949,D000655,2025-08-10,2025-08-21T01:20:38Z,549,0.72,true
C000950,D000198,2021-09-10,2022-11-07T18:41:33Z,1227,0.79,true
C000950,D000070,2026-03-15,2026-04-04T02:14:04Z,347,0.69,true
C000951,D000454,2025-11-14,2026-03-05T04:04:40Z,561,0.92,false
C000952,D000615,2025-10-26,2026-04-01T23:16:39Z,1535,0.83,true
C000952,D000250,2024-06-19,2025-06-18T06:04:54Z,348,0.99,true
C000953,D000242,2025-08-08,2025-12-11T20:44:25Z,516,0.84,true
C000954,D000632,2021-04-21,2024-03-08T09:51:24Z,1324,0.97,true
C000954,D000494,2018-11-19,2021-08-05T15:34:01Z,170,0.9,true
C000955,D000112,2023-12-13,2024-01-06T21:32:19Z,1082,0.63,true
C000955,D000197,2022-10-23,2025-07-09T10:41:26Z,1075,0.74,true
C000956,D000299,2023-08-17,2025-11-13T15:43:40Z,1784,0.87,true
C000957,D000877,2023-05-17,2025-07-31T02:24:27Z,975,0.77,true
C000958,D000332,2020-06-23,2021-08-23T09:12:17Z,1359,0.78,false
C000959,D000682,2023-06-22,2024-09-10T13:24:06Z,1201,0.75,true
C000959,D000128,2025-07-19,2026-03-01T12:52:33Z,719,0.96,true
C000960,D000199,2026-04-04,2026-04-19T08:52:40Z,496,0.91,true
C000960,D000038,2026-03-23,2026-04-02T02:17:55Z,1363,0.8,true
C000961,D000540,2019-04-20,2025-01-05T02:03:15Z,1262,0.8,true
C000962,D000458,2023-10-25,2025-10-10T02:42:37Z,1647,0.84,true
C000963,D000161,2024-02-28,2024-05-11T22:33:15Z,1566,0.8,true
C000964,D000667,2026-01-02,2026-03-08T14:10:21Z,291,0.48,true
C000964,D000579,2025-08-04,2026-04-10T03:16:03Z,779,0.95,true
C000965,D000641,2019-01-17,2021-08-02T00:59:54Z,549,0.94,true
C000966,D000505,2022-05-18,2023-12-14T03:51:54Z,1751,0.64,true
C000967,D000358,2026-01-05,2026-01-26T21:31:47Z,751,0.85,true
C000967,D000087,2024-12-24,2025-11-21T22:44:16Z,1524,0.89,true
C000968,D000752,2019-07-20,2020-12-07T03:40:07Z,647,0.81,true
C000969,D000762,2025-11-19,2026-03-31T23:40:43Z,1606,0.87,true
C000969,D000764,2024-08-19,2025-12-25T15:08:38Z,1415,0.84,true
C000970,D000436,2026-02-20,2026-04-18T21:35:41Z,513,0.78,true
C000971,D000019,2024-08-26,2025-01-11T21:46:31Z,891,0.87,true
C000972,D000328,2025-06-06,2026-02-04T14:22:11Z,1659,0.92,false
C000973,D000117,2019-12-07,2025-08-05T15:30:17Z,1776,0.91,false
C000974,D000588,2025-11-11,2026-04-12T01:59:53Z,1412,0.84,true
C000975,D000661,2026-03-15,2026-04-06T13:01:04Z,1047,0.9,true
C000976,D000021,2020-07-10,2020-10-16T10:14:21Z,187,0.88,true
C000977,D000876,2023-11-30,2024-06-29T02:53:02Z,1216,0.81,true
C000978,D000148,2025-01-04,2025-04-17T01:45:40Z,1729,0.91,true
C000979,D000188,2022-04-24,2025-12-26T11:48:03Z,469,0.94,true
C000980,D000897,2025-01-11,2026-02-23T17:25:09Z,1727,0.86,true
C000981,D000844,2022-04-18,2025-10-19T19:06:50Z,712,0.99,true
C000982,D000706,2025-12-09,2025-12-25T16:41:56Z,1114,0.9,false
C000983,D000279,2025-11-18,2025-12-08T22:28:27Z,207,0.65,true
C000984,D000617,2023-09-05,2025-01-15T01:26:17Z,650,0.91,true
C000985,D000216,2023-08-17,2023-11-03T13:11:27Z,375,0.86,true
C000986,D000255,2024-10-29,2025-07-11T03:11:18Z,1409,0.91,true
C000986,D000198,2023-01-29,2024-10-16T07:36:33Z,525,0.9,true
C000987,D000890,2025-02-09,2025-04-30T07:30:41Z,1523,0.91,true
C000988,D000457,2022-09-07,2022-10-17T05:33:17Z,316,0.76,true
C000989,D000126,2026-02-28,2026-03-13T01:30:27Z,1725,0.65,true
C000990,D000710,2026-04-06,2026-04-21T09:05:33Z,1550,0.74,true
C000991,D000376,2026-01-08,2026-03-21T09:47:49Z,831,0.88,true
C000991,D000302,2026-01-23,2026-02-16T08:50:35Z,537,0.82,true
C000992,D000482,2026-02-28,2026-03-05T21:51:48Z,919,0.92,true
C000992,D000115,2021-11-27,2022-01-18T23:45:09Z,1551,0.83,true
C000993,D000577,2022-04-16,2024-07-20T00:50:06Z,1753,0.83,true
C000994,D000564,2021-11-04,2023-06-08T04:10:40Z,1352,0.78,true
C000995,D000201,2019-08-22,2023-03-06T19:44:43Z,571,0.69,true
C000996,D000681,2025-09-15,2025-10-24T12:44:17Z,706,0.91,true
C000996,D000735,2024-07-22,2025-12-02T02:25:28Z,505,0.74,true
C000997,D000231,2021-01-01,2021-12-20T08:02:49Z,331,0.99,true
C000998,D000422,2023-06-09,2025-01-16T17:34:39Z,467,0.9,true
C000999,D000347,2026-01-17,2026-03-25T04:31:17Z,626,0.87,true
C001000,D000133,2023-09-16,2024-10-18T20:48:27Z,58,0.91,true
C001000,D000303,2023-12-20,2025-04-21T10:11:03Z,1165,0.76,true
C001001,D000468,2026-03-13,2026-03-19T05:44:08Z,1387,0.75,true
C001002,D000141,2024-10-02,2025-02-22T00:49:12Z,989,0.99,false
C001003,D000317,2025-09-22,2026-03-13T20:48:26Z,1098,0.97,true
C001004,D000358,2024-09-21,2026-02-01T17:07:08Z,947,0.99,false
C001005,D000397,2025-05-11,2025-10-01T11:32:36Z,1549,0.58,true
C001005,D000537,2025-06-05,2025-07-29T21:11:34Z,1225,0.85,true
C001006,D000781,2022-07-22,2023-05-05T03:33:47Z,717,0.72,false
C001007,D000263,2025-09-09,2025-11-18T07:18:33Z,251,0.85,true
C001007,D000680,2025-09-21,2025-11-08T20:27:15Z,1309,0.86,true
C001008,D000657,2021-02-24,2024-07-15T23:24:53Z,1634,0.98,true
C001009,D000788,2024-11-08,2026-01-12T23:04:48Z,1295,0.81,true
C001009,D000840,2024-02-21,2024-08-22T21:02:13Z,1003,0.72,true
C001010,D000400,2022-07-28,2024-09-18T20:05:47Z,634,0.54,true
C001011,D000368,2023-12-08,2025-11-13T16:25:15Z,1295,0.88,true
C001012,D000349,2026-04-05,2026-04-12T02:45:29Z,1669,0.8,true
C001013,D000755,2022-10-30,2024-02-04T11:41:58Z,842,0.73,true
C001014,D000536,2022-03-28,2025-07-05T12:05:01Z,758,0.66,true
C001015,D000488,2025-02-24,2025-07-07T19:19:56Z,1087,0.77,true
C001016,D000514,2024-10-30,2025-02-20T17:02:37Z,719,0.82,true
C001016,D000702,2025-06-01,2025-06-08T15:02:26Z,1651,0.7,true
C001017,D000428,2026-03-27,2026-03-29T11:16:37Z,91,0.99,true
C001018,D000010,2025-03-27,2025-04-06T19:14:11Z,1447,0.79,false
C001019,D000774,2026-03-05,2026-03-20T22:48:23Z,902,0.89,true
C001020,D000649,2026-02-20,2026-03-01T22:32:43Z,1276,0.78,true
C001020,D000033,2024-07-19,2024-08-17T20:12:02Z,663,0.87,true
C001021,D000631,2020-09-08,2022-10-09T05:01:31Z,18,0.84,true
C001022,D000493,2025-11-08,2025-12-20T05:29:21Z,919,0.91,true
C001022,D000055,2025-03-24,2025-12-12T01:17:15Z,230,0.88,true
C001023,D000665,2025-08-07,2026-04-18T20:11:27Z,1298,0.96,true
C001024,D000731,2020-12-21,2024-05-16T18:29:29Z,1018,0.87,true
C001025,D000458,2025-04-05,2025-08-08T09:11:46Z,243,0.91,true
C001026,D000808,2019-11-27,2020-12-02T19:05:27Z,922,0.93,true
C001027,D000634,2025-11-29,2025-12-29T17:56:42Z,191,0.98,true
C001028,D000012,2024-10-28,2026-02-12T08:52:21Z,857,0.63,true
C001029,D000827,2023-03-03,2024-12-28T04:50:37Z,1361,0.79,true
C001029,D000843,2022-05-17,2024-08-12T08:43:54Z,1751,0.86,true
C001030,D000746,2026-01-17,2026-04-16T23:39:37Z,923,0.84,false
C001030,D000344,2026-03-03,2026-04-18T14:32:51Z,128,0.87,true
C001031,D000015,2026-03-27,2026-03-28T09:38:16Z,935,0.7,true
C001031,D000828,2025-11-28,2025-12-22T11:48:35Z,413,0.62,true
C001032,D000894,2026-04-06,2026-04-15T07:43:03Z,1747,0.88,true
C001032,D000067,2026-04-06,2026-04-08T04:45:54Z,1293,0.76,true
C001033,D000620,2024-09-16,2025-10-09T15:40:01Z,1257,0.86,true
C001034,D000754,2025-07-07,2026-01-11T17:35:23Z,73,0.99,true
C001035,D000132,2024-05-27,2025-09-29T02:31:28Z,34,0.9,true
C001035,D000640,2025-01-27,2025-05-31T09:42:40Z,797,0.96,true
C001036,D000805,2019-12-27,2021-01-25T07:27:47Z,1357,0.82,true
C001037,D000439,2025-12-16,2026-03-13T02:01:04Z,1286,0.9,true
C001037,D000782,2026-01-01,2026-02-05T07:22:53Z,1261,0.78,true
C001038,D000645,2021-10-28,2023-12-05T06:40:58Z,1752,0.88,false
C001039,D000571,2026-02-28,2026-04-04T15:16:07Z,1250,0.93,true
C001039,D000350,2025-11-22,2026-04-14T07:15:01Z,1406,0.93,true
C001040,D000436,2024-12-20,2025-07-16T18:33:48Z,125,0.74,true
C001041,D000424,2021-02-02,2023-12-05T19:48:54Z,1131,0.56,true
C001042,D000461,2024-01-28,2025-04-23T11:14:27Z,860,0.93,false
C001043,D000793,2026-02-27,2026-04-19T16:41:58Z,1247,0.81,true
C001043,D000262,2024-11-21,2024-12-31T08:54:30Z,243,0.99,true
C001044,D000463,2020-08-28,2021-10-30T16:29:10Z,78,0.98,true
C001045,D000511,2026-01-08,2026-02-27T01:25:39Z,56,0.94,true
C001045,D000577,2025-09-21,2025-12-13T03:46:31Z,595,0.94,true
C001046,D000715,2025-06-23,2026-01-31T10:23:57Z,1672,0.7,true
C001047,D000785,2021-02-23,2026-02-25T00:07:33Z,1512,0.97,true
C001048,D000774,2025-12-27,2026-01-03T08:02:57Z,446,0.74,true
C001048,D000078,2022-06-08,2022-07-13T06:23:07Z,198,0.85,false
C001049,D000740,2023-05-29,2023-06-29T03:16:36Z,660,0.82,true
C001049,D000847,2026-02-10,2026-03-22T08:31:24Z,1148,0.87,true
C001050,D000139,2023-11-11,2025-04-22T08:23:30Z,382,0.98,true
C001051,D000675,2025-07-23,2025-10-12T13:55:53Z,281,0.89,true
C001052,D000809,2026-03-05,2026-04-06T19:58:20Z,430,0.88,true
C001052,D000650,2026-03-13,2026-04-01T05:13:03Z,473,0.53,true
C001053,D000822,2025-02-12,2025-10-10T19:10:31Z,1067,0.74,true
C001054,D000493,2022-11-12,2025-09-20T03:56:14Z,424,0.83,true
C001055,D000492,2025-08-13,2026-01-05T06:08:20Z,1525,0.78,true
C001055,D000879,2026-03-21,2026-04-08T01:34:50Z,1687,0.4,true
C001056,D000666,2024-11-19,2025-04-09T15:54:05Z,673,0.78,true
C001057,D000900,2025-10-31,2026-04-04T12:26:46Z,1516,0.98,false
C001058,D000259,2021-05-27,2024-02-16T17:03:19Z,818,0.89,true
C001058,D000654,2024-02-22,2024-10-26T21:24:27Z,1338,0.88,true
C001059,D000409,2021-08-04,2021-08-18T07:12:11Z,85,0.72,true
C001060,D000277,2026-03-13,2026-04-02T01:13:21Z,435,0.69,true
C001060,D000614,2026-03-07,2026-04-02T18:28:50Z,1557,0.82,true
C001061,D000796,2024-07-30,2025-12-26T01:22:07Z,1315,0.87,false
C001062,D000376,2026-03-01,2026-03-22T23:08:32Z,599,0.83,true
C001063,D000827,2022-12-26,2025-05-01T22:26:15Z,1759,0.63,true
C001064,D000658,2026-01-06,2026-03-11T16:55:40Z,1743,0.72,true
C001065,D000658,2023-10-08,2024-06-23T09:21:06Z,744,0.83,true
C001066,D000187,2024-09-27,2025-06-26T04:01:22Z,945,0.74,true
C001067,D000010,2025-10-09,2026-02-09T11:24:15Z,790,0.74,true
C001068,D000444,2024-09-27,2026-03-20T23:36:40Z,1491,0.77,true
C001069,D000117,2026-03-17,2026-04-03T15:15:41Z,861,0.92,true
C001070,D000871,2021-10-06,2023-04-17T02:31:46Z,313,0.94,true
C001070,D000362,2024-05-09,2024-10-03T12:19:27Z,304,0.85,true
C001071,D000500,2025-06-19,2026-02-05T19:10:55Z,897,0.46,false
C001072,D000387,2025-12-05,2026-04-16T10:59:49Z,1516,0.64,true
C001073,D000441,2022-04-07,2022-11-04T14:25:36Z,496,0.7,true
C001073,D000453,2023-01-20,2025-08-22T08:04:28Z,202,0.88,true
C001074,D000646,2023-07-11,2026-02-23T01:59:31Z,451,0.75,true
C001074,D000322,2024-04-09,2024-12-28T22:00:18Z,836,0.87,true
C001075,D000189,2024-02-25,2026-04-09T23:56:27Z,302,0.97,true
C001076,D000033,2026-01-10,2026-03-24T00:41:28Z,913,0.82,true
C001077,D000799,2022-01-26,2024-07-26T23:23:38Z,373,0.69,true
C001078,D000180,2026-01-24,2026-04-10T06:38:39Z,651,0.66,true
C001078,D000443,2022-12-09,2024-07-02T21:41:28Z,658,0.88,true
C001079,D000531,2024-05-22,2025-12-23T17:14:03Z,730,0.68,true
C001079,D000280,2026-02-01,2026-02-27T08:07:54Z,1005,0.59,true
C001080,D000634,2023-06-17,2025-07-25T09:43:44Z,329,0.96,true
C001081,D000661,2024-05-23,2025-12-10T20:32:54Z,129,0.99,true
C001082,D000219,2025-05-25,2025-07-23T09:28:34Z,562,0.91,true
C001083,D000694,2021-08-07,2021-10-24T08:22:54Z,1405,0.95,false
C001084,D000854,2023-03-21,2023-10-23T08:24:10Z,1006,0.82,true
C001084,D000203,2020-06-01,2021-02-05T21:33:56Z,1375,0.76,true
C001085,D000566,2026-02-01,2026-02-12T06:58:21Z,925,0.82,true
C001086,D000224,2024-04-03,2025-04-23T21:17:50Z,1640,0.72,true
C001087,D000662,2026-01-05,2026-02-06T22:58:44Z,1523,0.8,true
C001088,D000799,2025-05-23,2025-06-15T12:12:30Z,1359,0.68,true
C001088,D000021,2024-01-29,2024-07-27T02:33:18Z,830,0.76,true
C001089,D000553,2023-01-14,2024-09-28T09:24:50Z,729,0.93,true
C001089,D000157,2024-11-28,2025-04-23T12:10:48Z,78,0.93,true
C001090,D000523,2022-08-07,2025-04-08T12:35:08Z,1691,0.7,true
C001091,D000751,2026-03-09,2026-04-08T18:37:55Z,873,0.74,true
C001091,D000595,2026-03-05,2026-04-20T12:14:37Z,1117,0.85,true
C001092,D000796,2024-05-17,2025-12-08T13:30:14Z,370,0.93,true
C001093,D000846,2021-04-09,2024-07-19T04:59:20Z,173,0.79,true
C001094,D000635,2020-05-19,2022-07-27T08:00:50Z,919,0.69,true
C001095,D000306,2025-02-23,2025-10-02T16:13:22Z,1527,0.93,true
C001096,D000042,2023-06-22,2026-03-30T11:43:06Z,120,0.76,false
C001097,D000187,2023-08-23,2024-06-17T12:13:08Z,1377,0.73,false
C001097,D000576,2024-05-10,2025-03-15T16:55:05Z,590,0.94,true
C001098,D000792,2023-05-28,2025-01-16T03:15:53Z,857,0.84,true
C001099,D000432,2025-02-10,2025-06-30T22:37:08Z,775,0.74,false
C001099,D000006,2023-10-21,2024-04-23T03:13:40Z,361,0.88,true
C001100,D000405,2024-04-16,2025-04-13T11:05:18Z,1797,0.78,true
C001101,D000028,2024-09-08,2025-12-01T15:30:31Z,532,0.64,true
C001101,D000615,2024-05-08,2025-12-16T06:27:55Z,1388,0.71,false
C001102,D000671,2025-12-01,2025-12-05T17:04:06Z,1438,0.82,true
C001103,D000578,2021-11-13,2022-01-21T05:05:08Z,869,0.71,true
C001104,D000397,2025-12-24,2026-01-31T16:25:08Z,822,0.53,true
C001105,D000873,2022-12-27,2024-06-06T15:57:28Z,1764,0.62,true
C001106,D000864,2024-09-04,2025-10-30T12:06:19Z,1151,0.71,true
C001106,D000291,2026-02-27,2026-03-13T16:45:21Z,544,0.79,true
C001107,D000584,2019-09-04,2026-03-26T01:53:05Z,1299,0.84,true
C001108,D000303,2023-10-14,2024-01-15T15:19:37Z,70,0.73,true
C001108,D000205,2023-11-19,2024-08-16T13:40:12Z,1236,0.75,true
C001109,D000511,2023-01-18,2025-10-13T00:36:42Z,1428,0.88,true
C001109,D000821,2022-10-26,2023-02-04T01:43:11Z,1763,0.94,true
C001110,D000550,2022-04-10,2022-10-26T15:55:24Z,938,0.79,false
C001111,D000404,2021-05-07,2026-03-09T11:52:55Z,1535,0.77,true
C001112,D000551,2022-03-31,2023-07-31T19:47:24Z,578,0.69,true
C001112,D000446,2024-12-21,2025-12-16T05:48:30Z,769,0.98,true
C001113,D000775,2024-01-25,2024-06-13T01:59:44Z,803,0.7,true
C001114,D000645,2025-05-11,2025-05-30T17:41:40Z,606,0.84,true
C001115,D000271,2025-05-12,2025-09-02T14:06:30Z,54,0.8,true
C001116,D000239,2021-11-15,2024-10-02T12:55:38Z,479,0.84,true
C001117,D000191,2020-08-28,2025-10-30T19:57:27Z,411,0.8,true
C001118,D000141,2025-05-16,2026-03-28T01:28:30Z,722,0.89,true
C001119,D000285,2025-10-13,2025-12-07T20:04:09Z,890,0.97,true
C001120,D000334,2025-08-24,2025-12-07T15:12:42Z,1249,0.97,true
C001120,D000383,2024-11-17,2025-10-11T17:36:40Z,644,0.86,true
C001121,D000603,2023-01-11,2023-11-30T05:20:29Z,144,0.51,true
C001122,D000003,2021-01-18,2023-06-29T07:55:19Z,243,0.8,true
C001123,D000654,2025-10-18,2025-10-25T10:14:38Z,1131,0.98,true
C001123,D000509,2026-02-25,2026-03-05T11:10:00Z,972,0.85,true
C001124,D000112,2024-02-05,2025-02-02T11:41:39Z,1192,0.8,true
C001124,D000239,2023-09-20,2024-09-23T19:09:57Z,142,0.74,true
C001125,D000348,2025-05-23,2025-10-08T02:30:46Z,1536,0.61,false
C001125,D000516,2024-12-21,2025-12-05T04:48:15Z,41,0.84,true
C001126,D000207,2024-10-22,2025-02-07T21:20:10Z,1014,0.81,true
C001127,D000150,2023-12-31,2026-01-28T11:11:43Z,107,0.83,true
C001128,D000833,2025-02-08,2025-03-31T19:23:52Z,523,0.88,true
C001129,D000282,2025-06-01,2025-09-07T19:33:04Z,1315,0.56,true
C001130,D000472,2022-05-19,2024-09-01T02:11:05Z,1674,0.93,true
C001130,D000580,2021-02-18,2023-03-02T12:16:54Z,525,0.79,true
C001131,D000455,2026-03-21,2026-04-15T09:56:55Z,1457,0.69,true
C001132,D000532,2024-02-27,2025-04-21T12:44:31Z,1570,0.88,true
C001133,D000648,2025-08-24,2025-09-28T10:22:16Z,1571,0.61,true
C001134,D000457,2025-07-07,2025-11-08T23:33:20Z,424,0.82,false
C001135,D000333,2026-03-31,2026-04-09T17:30:54Z,475,0.78,true
C001135,D000404,2026-04-03,2026-04-08T12:36:41Z,1022,0.86,true
C001136,D000040,2023-08-09,2026-01-04T07:17:01Z,93,0.99,true
C001137,D000311,2023-11-02,2024-12-17T14:18:41Z,1491,0.77,true
C001138,D000636,2022-11-13,2024-05-15T14:32:11Z,289,0.93,true
C001139,D000792,2025-12-20,2026-01-11T10:47:50Z,1733,0.83,true
C001140,D000809,2025-05-13,2025-11-14T12:17:21Z,738,0.96,true
C001141,D000413,2019-12-08,2020-12-22T18:18:09Z,373,0.66,true
C001141,D000047,2025-03-25,2026-01-23T20:01:18Z,1167,0.7,false
C001142,D000508,2025-03-24,2026-01-01T06:33:22Z,1084,0.88,true
C001143,D000167,2023-10-07,2023-10-26T16:56:38Z,1558,0.73,true
C001144,D000095,2026-01-01,2026-02-27T20:35:32Z,1202,0.71,true
C001145,D000780,2025-12-25,2026-02-28T10:43:21Z,748,0.73,true
C001146,D000622,2024-02-29,2025-09-03T07:23:32Z,1730,0.81,true
C001146,D000897,2024-03-17,2025-03-21T20:52:27Z,998,0.7,true
C001147,D000619,2025-05-20,2026-03-22T09:13:14Z,1589,0.82,true
C001148,D000434,2026-01-26,2026-03-12T16:40:33Z,257,0.8,true
C001148,D000894,2026-02-05,2026-04-06T12:03:20Z,44,0.95,true
C001149,D000735,2021-08-26,2025-10-05T06:50:22Z,1594,0.66,true
C001150,D000428,2018-07-11,2021-11-24T15:15:36Z,212,0.9,true
C001151,D000761,2025-09-09,2025-10-13T23:34:38Z,420,0.87,true
C001152,D000669,2025-09-25,2025-11-23T00:14:30Z,1188,0.94,true
C001153,D000538,2024-11-16,2025-11-01T16:08:58Z,78,0.93,false
C001154,D000398,2022-10-01,2025-08-27T16:14:57Z,273,0.79,true
C001155,D000553,2021-01-30,2025-09-29T05:59:36Z,1543,0.91,true
C001155,D000367,2021-01-13,2021-05-24T22:37:14Z,1432,0.72,true
C001156,D000774,2026-04-06,2026-04-07T18:14:40Z,692,0.78,true
C001157,D000155,2020-07-10,2021-01-04T19:44:18Z,469,0.93,true
C001158,D000832,2024-04-14,2025-06-19T01:20:22Z,1402,0.91,true
C001159,D000477,2023-04-06,2025-11-10T19:37:30Z,225,0.77,true
C001160,D000578,2026-04-05,2026-04-13T20:52:21Z,1013,0.74,true
C001161,D000183,2024-10-05,2025-10-18T07:44:10Z,310,0.62,true
C001162,D000472,2025-02-09,2025-06-22T10:33:25Z,866,0.95,true
C001163,D000575,2022-01-01,2023-01-25T07:59:42Z,270,0.82,true
C001164,D000383,2025-12-27,2026-01-15T04:19:47Z,1035,0.79,true
C001164,D000181,2025-11-19,2026-03-17T03:04:40Z,1015,0.74,true
C001165,D000037,2023-12-04,2025-06-19T22:04:56Z,372,0.75,false
C001166,D000455,2025-05-30,2025-12-18T07:15:11Z,857,0.82,true
C001166,D000078,2026-02-09,2026-03-24T23:44:10Z,15,0.87,true
C001167,D000017,2023-12-31,2025-05-07T16:12:20Z,1309,0.74,true
C001167,D000178,2019-02-01,2021-08-19T06:48:00Z,1616,0.87,true
C001168,D000159,2024-10-15,2024-10-18T04:26:55Z,421,0.85,true
C001169,D000208,2020-02-14,2024-11-06T23:47:54Z,15,0.69,false
C001170,D000509,2025-08-18,2026-04-16T07:55:37Z,859,0.83,true
C001171,D000787,2024-03-04,2025-07-11T06:11:59Z,851,0.27,true
C001171,D000704,2024-02-16,2025-07-18T06:42:29Z,1444,0.85,true
C001172,D000699,2024-01-15,2024-07-31T03:35:45Z,525,0.83,true
C001173,D000474,2025-09-03,2025-11-27T10:35:33Z,341,0.8,true
C001174,D000589,2021-05-16,2025-05-29T23:47:03Z,1249,0.86,true
C001175,D000014,2025-07-28,2026-02-13T21:11:34Z,1026,0.89,true
C001176,D000451,2025-10-28,2026-03-20T20:56:39Z,417,0.81,true
C001177,D000440,2024-06-18,2024-11-06T03:18:47Z,171,0.8,true
C001178,D000256,2024-08-01,2025-02-09T11:22:01Z,1451,0.81,true
C001179,D000245,2026-03-17,2026-03-19T03:22:33Z,1706,0.78,true
C001180,D000120,2024-05-04,2026-01-15T11:46:34Z,1076,0.72,true
C001181,D000566,2025-11-25,2026-01-17T14:52:58Z,392,0.84,true
C001181,D000212,2024-01-03,2024-08-12T13:28:21Z,236,0.78,true
C001182,D000461,2026-02-14,2026-04-12T07:48:55Z,1292,0.84,true
C001182,D000775,2021-01-30,2021-02-08T14:03:25Z,931,0.79,true
C001183,D000672,2023-03-18,2023-10-09T15:01:31Z,33,0.82,true
C001184,D000224,2026-02-16,2026-03-23T18:06:00Z,1320,0.75,true
C001185,D000614,2021-11-15,2024-10-21T03:13:30Z,529,0.91,true
C001186,D000405,2024-05-25,2024-12-18T22:40:16Z,557,0.76,true
C001187,D000839,2024-01-23,2024-02-08T08:11:24Z,1738,0.9,true
C001188,D000532,2023-07-18,2025-03-25T23:51:21Z,57,0.84,true
C001189,D000170,2026-04-04,2026-04-11T03:08:08Z,162,0.89,true
C001190,D000576,2021-02-18,2021-06-30T04:27:08Z,131,0.99,true
C001191,D000779,2021-03-15,2025-11-04T08:55:47Z,8,0.9,true
C001192,D000397,2024-06-08,2024-07-19T22:44:07Z,865,0.53,true
C001192,D000854,2024-10-02,2025-10-31T23:50:54Z,782,0.7,true
C001193,D000786,2025-03-05,2025-07-15T13:46:37Z,67,0.71,true
C001193,D000282,2023-05-24,2023-09-25T20:44:56Z,1115,0.38,true
C001194,D000378,2024-02-07,2024-03-17T19:01:46Z,1004,0.88,true
C001195,D000232,2026-01-12,2026-03-09T14:04:36Z,839,0.73,true
C001196,D000325,2022-12-05,2025-12-20T08:43:41Z,690,0.82,true
C001197,D000469,2026-04-04,2026-04-10T10:42:53Z,1312,0.85,true
C001197,D000400,2026-04-03,2026-04-09T18:49:04Z,325,0.5,true
C001198,D000442,2025-12-14,2026-01-17T22:34:12Z,931,0.89,true
C001198,D000888,2025-01-02,2025-04-11T05:15:45Z,1799,0.73,true
C001199,D000110,2025-07-01,2026-02-04T07:27:26Z,549,0.83,true
C001200,D000050,2025-11-04,2026-02-18T01:55:00Z,1031,0.95,true
