cliente_origen_id,cliente_destino_id,dispositivo_id_ref,primera_coincidencia,ultima_coincidencia,coincidencias,score_riesgo_red
C000003,C000976,D000021,2020-07-10T18:58:44Z,2025-08-31T21:56:25Z,22,0.92
C000003,C001088,D000021,2022-04-04T18:55:15Z,2025-08-31T21:56:25Z,21,0.77
C000976,C001088,D000021,2020-07-10T18:58:44Z,2024-07-27T02:33:18Z,28,0.96
C000004,C000196,D000370,2024-12-31T20:26:24Z,2026-03-21T06:11:12Z,26,0.96
C000006,C000913,D000161,2025-04-01T03:43:19Z,2026-01-15T08:02:48Z,27,0.94
C000006,C000963,D000161,2024-02-28T22:43:52Z,2026-01-15T08:02:48Z,6,0.61
C000913,C000963,D000161,2024-02-28T22:43:52Z,2026-01-10T02:23:12Z,8,0.60
C000007,C001187,D000839,2024-01-23T10:13:28Z,2025-11-26T17:38:47Z,27,0.96
C000011,C000949,D000655,2025-04-07T08:54:07Z,2026-03-24T05:46:53Z,21,0.80
C000013,C000986,D000255,2024-10-29T00:14:02Z,2026-03-29T09:39:41Z,23,0.94
C000016,C000352,D000083,2025-04-30T08:31:08Z,2026-01-30T01:14:33Z,10,0.47
C000016,C000614,D000083,2025-04-30T08:31:08Z,2026-04-18T20:37:09Z,8,0.46
C000352,C000614,D000083,2025-07-29T10:36:54Z,2026-04-18T20:37:09Z,2,0.33
C000017,C001034,D000754,2020-04-14T10:28:47Z,2026-01-11T17:35:23Z,11,0.74
C000022,C000919,D000326,2023-02-18T03:55:20Z,2026-04-06T11:22:59Z,27,0.97
C000023,C001147,D000619,2023-02-06T19:22:11Z,2026-03-22T09:13:14Z,2,0.44
C000025,C000996,D000735,2024-07-09T19:39:19Z,2025-12-04T21:01:03Z,6,0.40
C000025,C001149,D000735,2021-08-26T11:34:15Z,2025-12-04T21:01:03Z,28,0.98
C000996,C001149,D000735,2021-08-26T11:34:15Z,2025-12-02T02:25:28Z,10,0.55
C000028,C000124,D000219,2022-09-30T06:49:58Z,2025-12-06T20:59:15Z,7,0.62
C000028,C001082,D000219,2025-05-25T11:54:30Z,2025-12-06T20:59:15Z,16,0.76
C000124,C001082,D000219,2022-09-30T06:49:58Z,2025-07-23T09:28:34Z,27,0.95
C000031,C000274,D000813,2025-03-29T14:41:01Z,2026-03-07T16:33:16Z,7,0.43
C000032,C001136,D000040,2023-08-09T02:40:01Z,2026-01-04T07:17:01Z,17,0.77
C000034,C000978,D000148,2021-10-28T07:55:45Z,2025-04-17T01:45:40Z,19,0.92
C000036,C000073,D000852,2021-03-07T03:48:34Z,2025-10-25T10:20:51Z,8,0.64
C000040,C000534,D000283,2021-09-04T22:01:06Z,2025-06-29T22:14:14Z,7,0.49
C000040,C000905,D000283,2021-09-04T22:01:06Z,2023-05-20T16:03:39Z,8,0.60
C000534,C000905,D000283,2022-03-12T06:49:17Z,2025-06-29T22:14:14Z,10,0.68
C000042,C001103,D000578,2021-11-13T13:50:51Z,2025-06-22T04:10:20Z,3,0.38
C000042,C001160,D000578,2025-02-09T08:31:12Z,2026-04-13T20:52:21Z,27,0.98
C001103,C001160,D000578,2021-11-13T13:50:51Z,2026-04-13T20:52:21Z,13,0.64
C000043,C001073,D000441,2022-04-07T21:03:57Z,2025-08-08T10:19:24Z,17,0.83
C000044,C000462,D000602,2024-10-05T11:04:33Z,2025-12-14T17:13:33Z,10,0.58
C000045,C001143,D000167,2023-10-07T07:40:48Z,2024-05-12T14:44:57Z,12,0.53
C000047,C000989,D000126,2026-02-28T00:14:52Z,2026-04-19T23:14:27Z,4,0.57
C000033,C000048,D000764,2023-03-01T13:06:46Z,2026-04-17T19:29:46Z,25,0.98
C000033,C000969,D000764,2023-03-01T13:06:46Z,2026-01-15T22:45:15Z,8,0.57
C000048,C000969,D000764,2024-08-19T07:59:28Z,2026-04-17T19:29:46Z,8,0.45
C000049,C001108,D000205,2023-11-19T09:36:22Z,2026-03-05T05:30:00Z,15,0.76
C000050,C000344,D000468,2022-06-25T13:28:35Z,2026-02-10T20:33:50Z,20,0.89
C000050,C001001,D000468,2022-06-25T13:28:35Z,2026-03-19T05:44:08Z,2,0.47
C000344,C001001,D000468,2026-01-10T19:29:01Z,2026-03-19T05:44:08Z,23,0.98
C000051,C001157,D000155,2020-07-10T13:59:12Z,2026-03-16T11:22:34Z,20,0.84
C000052,C000138,D000622,2024-01-26T10:00:42Z,2025-12-14T20:58:43Z,27,0.98
C000052,C000906,D000622,2021-07-15T07:55:51Z,2025-12-14T20:58:43Z,5,0.44
C000052,C001146,D000622,2024-02-29T05:44:55Z,2025-12-14T20:58:43Z,22,0.83
C000138,C000906,D000622,2021-07-15T07:55:51Z,2024-08-22T18:21:11Z,16,0.84
C000138,C001146,D000622,2024-01-26T10:00:42Z,2025-09-03T07:23:32Z,15,0.78
C000906,C001146,D000622,2021-07-15T07:55:51Z,2025-09-03T07:23:32Z,15,0.68
C000054,C000589,D000781,2024-09-07T22:57:10Z,2025-08-25T15:21:22Z,6,0.41
C000054,C001006,D000781,2022-07-22T13:38:09Z,2025-08-25T15:21:22Z,20,0.97
C000589,C001006,D000781,2022-07-22T13:38:09Z,2025-06-15T07:01:09Z,5,0.36
C000056,C000992,D000115,2021-11-27T09:30:01Z,2025-04-11T07:23:24Z,13,0.63
C000060,C000997,D000231,2021-01-01T02:16:55Z,2026-03-05T22:43:33Z,18,0.70
C000061,C001071,D000500,2025-06-19T19:06:18Z,2026-02-05T19:10:55Z,23,0.97
C000063,C000710,D000320,2023-04-08T07:56:16Z,2025-12-04T07:46:05Z,2,0.50
C000065,C000961,D000540,2019-04-20T06:52:37Z,2026-03-15T20:26:15Z,27,0.98
C000070,C000247,D000265,2023-07-14T08:44:38Z,2025-02-09T23:04:51Z,13,0.57
C000072,C000322,D000814,2022-12-02T12:48:58Z,2026-03-29T01:17:22Z,15,0.75
C000075,C000275,D000107,2025-03-21T06:46:00Z,2026-01-20T11:43:52Z,6,0.61
C000076,C001098,D000792,2023-05-28T00:36:36Z,2026-04-07T21:12:31Z,10,0.48
C000076,C001139,D000792,2025-12-20T03:48:12Z,2026-04-07T21:12:31Z,24,0.83
C001098,C001139,D000792,2023-05-28T00:36:36Z,2026-01-11T10:47:50Z,14,0.69
C000079,C001164,D000181,2025-11-19T09:30:02Z,2026-03-17T03:04:40Z,25,0.93
C000080,C001151,D000761,2023-08-13T17:54:24Z,2025-10-29T05:03:30Z,28,0.98
C000081,C000724,D000561,2021-08-22T06:15:44Z,2025-11-13T22:43:52Z,13,0.73
C000084,C000408,D000768,2024-05-27T12:19:10Z,2025-06-09T03:49:55Z,21,0.76
C000087,C000190,D000521,2024-05-15T11:09:45Z,2026-04-18T19:31:18Z,15,0.80
C000089,C000908,D000782,2020-11-20T14:36:07Z,2026-02-24T22:05:30Z,3,0.44
C000089,C001037,D000782,2025-10-14T18:24:13Z,2026-02-24T22:05:30Z,28,0.98
C000908,C001037,D000782,2020-11-20T14:36:07Z,2026-02-05T07:22:53Z,21,0.98
C000090,C001199,D000110,2023-10-13T22:31:24Z,2026-02-04T07:27:26Z,23,0.98
C000091,C001000,D000133,2021-11-14T21:00:28Z,2024-10-18T20:48:27Z,15,0.82
C000094,C000868,D000060,2022-02-16T18:12:38Z,2026-03-22T12:14:36Z,15,0.72
C000037,C000095,D000566,2025-04-19T10:25:43Z,2026-04-07T14:41:19Z,7,0.53
C000037,C001085,D000566,2025-04-19T10:25:43Z,2026-02-12T06:58:21Z,25,0.87
C000037,C001181,D000566,2025-04-19T10:25:43Z,2026-01-17T14:52:58Z,28,0.98
C000095,C001085,D000566,2025-08-02T13:52:26Z,2026-04-07T14:41:19Z,24,0.98
C000095,C001181,D000566,2025-08-02T13:52:26Z,2026-04-07T14:41:19Z,26,0.98
C001085,C001181,D000566,2025-11-25T06:32:39Z,2026-02-12T06:58:21Z,2,0.27
C000096,C000107,D000775,2019-08-21T18:53:14Z,2025-02-19T13:45:33Z,4,0.56
C000096,C001113,D000775,2023-05-13T00:56:56Z,2024-06-13T01:59:44Z,4,0.53
C000096,C001182,D000775,2021-01-30T21:46:53Z,2024-05-29T05:13:00Z,28,0.98
C000107,C001113,D000775,2019-08-21T18:53:14Z,2025-02-19T13:45:33Z,20,0.84
C000107,C001182,D000775,2019-08-21T18:53:14Z,2025-02-19T13:45:33Z,21,0.76
C001113,C001182,D000775,2021-01-30T21:46:53Z,2024-06-13T01:59:44Z,14,0.78
C000097,C000607,D000725,2023-08-15T14:11:51Z,2026-04-08T20:29:13Z,17,0.75
C000099,C000940,D000817,2021-01-16T22:51:54Z,2025-03-10T13:03:03Z,17,0.87
C000100,C000229,D000156,2024-08-02T10:35:25Z,2026-01-07T18:11:38Z,21,0.91
C000101,C000361,D000416,2022-06-19T14:00:59Z,2025-05-25T14:40:13Z,9,0.68
C000111,C000939,D000132,2024-05-11T18:12:29Z,2026-03-25T11:56:44Z,21,0.90
C000111,C001035,D000132,2024-05-11T18:12:29Z,2025-09-29T02:31:28Z,18,0.73
C000939,C001035,D000132,2024-05-27T00:36:47Z,2026-03-25T11:56:44Z,14,0.73
C000112,C001144,D000095,2019-08-31T15:40:20Z,2026-02-27T20:35:32Z,2,0.40
C000118,C000806,D000226,2020-04-03T15:33:32Z,2026-04-17T22:56:20Z,28,0.93
C000120,C000928,D000277,2024-02-29T03:12:17Z,2026-02-03T17:18:20Z,24,0.98
C000120,C001060,D000277,2024-05-21T01:04:56Z,2026-04-02T01:13:21Z,16,0.78
C000928,C001060,D000277,2024-02-29T03:12:17Z,2026-04-02T01:13:21Z,24,0.92
C000124,C001195,D000232,2023-11-29T20:54:20Z,2026-03-09T14:04:36Z,13,0.63
C000126,C000913,D000379,2020-11-09T14:22:46Z,2026-01-15T09:44:27Z,3,0.53
C000127,C000797,D000146,2022-03-02T13:10:10Z,2024-11-13T15:39:07Z,6,0.62
C000131,C001035,D000640,2018-07-31T12:34:28Z,2025-05-31T09:42:40Z,26,0.98
C000133,C000241,D000686,2020-08-11T00:29:23Z,2025-08-04T10:49:43Z,2,0.52
C000133,C000304,D000686,2020-08-11T00:29:23Z,2025-08-04T10:49:43Z,10,0.57
C000241,C000304,D000686,2021-02-25T01:50:27Z,2025-01-18T05:40:32Z,28,0.98
C000134,C001041,D000424,2021-02-02T20:11:26Z,2024-12-19T03:39:09Z,12,0.58
C000135,C000901,D000544,2024-09-03T15:50:08Z,2026-03-07T20:46:56Z,26,0.98
C000138,C000597,D000445,2024-03-10T10:08:36Z,2026-02-22T17:08:39Z,23,0.91
C000139,C001039,D000350,2025-11-22T08:01:27Z,2026-04-14T07:15:01Z,5,0.58
C000140,C000903,D000059,2024-03-12T01:46:10Z,2026-04-04T19:45:58Z,9,0.62
C000141,C001058,D000259,2021-05-27T14:29:16Z,2026-02-26T11:52:30Z,19,0.70
C000143,C001161,D000183,2024-10-05T01:54:27Z,2026-01-16T15:10:36Z,14,0.66
C000145,C001120,D000334,2021-07-08T15:56:19Z,2025-12-07T15:12:42Z,27,0.98
C000147,C000216,D000388,2022-08-09T18:08:12Z,2025-03-31T08:11:59Z,19,0.87
C000148,C000991,D000376,2020-11-20T11:09:33Z,2026-03-21T09:47:49Z,11,0.57
C000148,C001062,D000376,2020-11-20T11:09:33Z,2026-03-22T23:08:32Z,16,0.65
C000991,C001062,D000376,2026-01-08T11:05:06Z,2026-03-22T23:08:32Z,17,0.66
C000151,C001089,D000157,2024-11-28T15:46:54Z,2025-11-14T08:05:55Z,17,0.68
C000066,C000153,D000330,2025-09-11T12:23:30Z,2026-04-13T15:59:31Z,10,0.57
C000154,C001090,D000523,2022-08-07T13:56:48Z,2026-04-20T15:08:47Z,21,0.96
C000157,C000994,D000564,2021-11-04T20:41:34Z,2025-02-04T23:34:46Z,24,0.90
C000159,C000829,D000160,2022-07-20T10:03:21Z,2025-08-04T06:39:44Z,11,0.62
C000160,C000170,D000034,2023-08-16T00:46:33Z,2025-10-30T11:02:15Z,11,0.63
C000162,C000946,D000862,2021-03-29T08:24:30Z,2025-09-19T00:55:48Z,16,0.69
C000163,C000391,D000586,2023-01-18T05:50:22Z,2026-02-27T18:12:36Z,18,0.67
C000165,C001074,D000646,2023-02-24T11:34:39Z,2026-02-23T01:59:31Z,4,0.57
C000167,C001086,D000224,2022-01-02T14:09:50Z,2025-09-03T00:07:42Z,9,0.57
C000167,C001184,D000224,2022-01-02T14:09:50Z,2026-03-23T18:06:00Z,13,0.74
C001086,C001184,D000224,2024-04-03T20:00:45Z,2026-03-23T18:06:00Z,15,0.62
C000170,C000206,D000517,2023-01-04T15:11:59Z,2026-03-11T22:02:46Z,21,0.87
C000171,C000437,D000480,2023-02-08T10:39:43Z,2026-04-19T22:50:16Z,22,0.83
C000172,C001155,D000367,2021-01-13T13:37:46Z,2026-03-24T21:03:04Z,11,0.54
C000179,C000780,D000302,2022-09-27T20:25:35Z,2026-02-15T23:15:26Z,22,0.79
C000179,C000991,D000302,2022-09-27T20:25:35Z,2026-02-16T08:50:35Z,2,0.27
C000780,C000991,D000302,2026-01-23T08:28:51Z,2026-02-16T08:50:35Z,24,0.97
C000182,C000916,D000893,2023-07-05T23:31:20Z,2025-12-02T11:18:30Z,9,0.52
C000183,C000971,D000019,2021-09-24T22:36:10Z,2025-08-29T07:24:40Z,20,0.95
C000186,C000915,D000680,2023-02-02T15:12:01Z,2026-02-27T21:15:12Z,21,0.88
C000186,C001007,D000680,2025-09-21T07:27:01Z,2026-02-27T21:15:12Z,25,0.92
C000915,C001007,D000680,2023-02-02T15:12:01Z,2025-11-08T20:27:15Z,7,0.40
C000188,C000327,D000427,2023-03-24T15:34:14Z,2026-02-17T20:52:57Z,5,0.51
C000190,C001133,D000648,2025-04-18T02:45:32Z,2025-09-28T10:22:16Z,24,0.88
C000191,C000896,D000271,2025-02-28T13:31:51Z,2026-03-12T08:40:59Z,4,0.49
C000191,C001115,D000271,2025-05-12T05:03:42Z,2026-03-12T08:40:59Z,22,0.81
C000896,C001115,D000271,2025-02-28T13:31:51Z,2025-11-01T16:40:54Z,20,0.88
C000194,C000967,D000087,2024-09-28T09:18:16Z,2025-11-21T22:44:16Z,15,0.70
C000006,C000197,D000434,2021-08-22T09:00:00Z,2026-03-02T22:55:04Z,2,0.47
C000006,C001148,D000434,2025-10-23T22:36:17Z,2026-03-12T16:40:33Z,7,0.55
C000197,C001148,D000434,2021-08-22T09:00:00Z,2026-03-12T16:40:33Z,14,0.62
C000198,C000962,D000458,2023-10-25T00:20:47Z,2026-01-30T18:25:29Z,23,0.81
C000198,C001025,D000458,2025-04-05T13:27:48Z,2026-01-30T18:25:29Z,4,0.44
C000962,C001025,D000458,2023-10-25T00:20:47Z,2025-10-10T02:42:37Z,28,0.98
C000199,C000679,D000188,2021-03-16T02:21:37Z,2026-03-31T22:19:27Z,27,0.95
C000199,C000979,D000188,2022-04-24T00:46:02Z,2026-03-31T22:19:27Z,19,0.87
C000679,C000979,D000188,2021-03-16T02:21:37Z,2026-02-16T15:20:43Z,12,0.66
C000200,C001106,D000291,2023-10-09T12:56:02Z,2026-03-13T16:45:21Z,9,0.64
C000201,C000745,D000626,2025-02-09T03:41:40Z,2026-04-04T03:21:25Z,14,0.74
C000203,C001197,D000469,2022-09-21T02:38:01Z,2026-04-10T10:42:53Z,16,0.72
C000206,C001135,D000333,2022-08-19T09:08:12Z,2026-04-09T17:30:54Z,6,0.46
C000208,C000218,D000014,2023-04-29T21:39:29Z,2026-02-24T06:58:17Z,22,0.91
C000208,C000435,D000014,2025-11-22T10:25:29Z,2026-02-24T06:58:17Z,13,0.72
C000208,C001175,D000014,2025-07-28T01:57:43Z,2026-02-24T06:58:17Z,15,0.66
C000218,C000435,D000014,2023-04-29T21:39:29Z,2026-02-13T18:38:14Z,5,0.58
C000218,C001175,D000014,2023-04-29T21:39:29Z,2026-02-13T21:11:34Z,7,0.65
C000435,C001175,D000014,2025-07-28T01:57:43Z,2026-02-13T21:11:34Z,9,0.65
C000210,C000954,D000494,2018-11-19T01:56:27Z,2026-02-11T20:30:46Z,28,0.98
C000176,C000213,D000867,2026-01-20T19:43:52Z,2026-04-16T01:30:44Z,15,0.77
C000215,C000981,D000844,2022-04-18T05:53:21Z,2025-11-03T15:32:34Z,20,0.91
C000217,C000665,D000601,2024-04-13T02:38:37Z,2026-03-31T08:35:00Z,20,0.80
C000229,C000735,D000715,2024-07-26T00:41:38Z,2026-04-06T07:14:12Z,10,0.66
C000229,C001046,D000715,2025-06-23T04:22:33Z,2026-04-06T07:14:12Z,8,0.56
C000735,C001046,D000715,2024-07-26T00:41:38Z,2026-01-31T10:23:57Z,18,0.85
C000230,C000705,D000823,2021-07-11T14:01:56Z,2026-03-07T10:15:13Z,19,0.88
C000232,C000681,D000256,2019-05-06T00:32:07Z,2024-04-28T05:58:20Z,10,0.64
C000232,C001178,D000256,2019-05-06T00:32:07Z,2025-02-09T11:22:01Z,16,0.83
C000681,C001178,D000256,2023-11-25T06:00:57Z,2025-02-09T11:22:01Z,3,0.43
C000234,C001111,D000404,2021-05-07T11:52:37Z,2026-03-09T11:52:55Z,17,0.73
C000234,C001135,D000404,2025-09-04T17:09:59Z,2026-04-08T12:36:41Z,8,0.44
C001111,C001135,D000404,2021-05-07T11:52:37Z,2026-04-08T12:36:41Z,19,0.94
C000239,C001189,D000170,2026-02-06T08:05:20Z,2026-04-11T03:08:08Z,25,0.86
C000241,C000958,D000332,2020-06-23T06:43:11Z,2025-12-01T12:52:34Z,19,0.88
C000243,C001044,D000463,2020-08-28T13:26:38Z,2021-10-30T16:29:10Z,20,0.97
C000244,C000535,D000830,2024-10-10T06:22:04Z,2025-11-18T13:56:33Z,17,0.69
C000246,C001018,D000010,2025-03-27T11:23:48Z,2026-04-19T14:20:42Z,4,0.34
C000246,C001067,D000010,2025-10-09T05:43:40Z,2026-04-19T14:20:42Z,27,0.98
C001018,C001067,D000010,2025-03-27T11:23:48Z,2026-02-09T11:24:15Z,19,0.93
C000247,C000288,D000584,2024-01-09T15:48:49Z,2026-04-15T19:13:44Z,6,0.47
C000247,C001107,D000584,2019-09-04T08:43:03Z,2026-03-26T01:53:05Z,24,0.95
C000288,C001107,D000584,2019-09-04T08:43:03Z,2026-04-15T19:13:44Z,12,0.53
C000235,C000248,D000406,2024-05-25T21:06:30Z,2025-11-04T10:37:57Z,19,0.90
C000235,C000936,D000406,2024-07-21T17:30:02Z,2025-09-08T10:16:44Z,6,0.44
C000248,C000936,D000406,2024-05-25T21:06:30Z,2025-11-04T10:37:57Z,2,0.46
C000108,C000249,D000550,2024-06-10T16:31:05Z,2025-09-06T11:22:10Z,3,0.47
C000108,C001110,D000550,2022-04-10T13:18:44Z,2025-09-06T11:22:10Z,27,0.90
C000249,C001110,D000550,2022-04-10T13:18:44Z,2025-08-06T12:30:40Z,6,0.50
C000251,C000481,D000624,2024-08-30T10:39:02Z,2026-03-25T04:51:29Z,27,0.91
C000252,C000298,D000405,2022-08-08T00:07:44Z,2026-01-09T16:18:55Z,6,0.54
C000252,C001100,D000405,2022-08-08T00:07:44Z,2025-05-15T15:35:01Z,13,0.68
C000252,C001186,D000405,2022-08-08T00:07:44Z,2025-05-15T15:35:01Z,23,0.98
C000298,C001100,D000405,2024-04-16T06:59:21Z,2026-01-09T16:18:55Z,17,0.89
C000298,C001186,D000405,2024-05-25T10:07:49Z,2026-01-09T16:18:55Z,9,0.61
C001100,C001186,D000405,2024-04-16T06:59:21Z,2025-04-13T11:05:18Z,13,0.56
C000253,C000643,D000771,2020-10-15T09:41:05Z,2026-03-02T08:56:59Z,26,0.98
C000227,C000254,D000387,2025-02-16T12:43:05Z,2026-04-06T09:59:43Z,12,0.61
C000227,C001072,D000387,2025-02-16T12:43:05Z,2026-04-16T10:59:49Z,23,0.82
C000254,C001072,D000387,2025-11-27T20:20:12Z,2026-04-16T10:59:49Z,2,0.46
C000255,C000746,D000071,2024-09-23T02:10:31Z,2025-12-31T19:29:15Z,27,0.98
C000258,C000933,D000512,2025-12-07T20:10:24Z,2026-03-26T13:28:06Z,19,0.75
C000261,C000907,D000108,2025-12-15T09:19:24Z,2026-04-16T22:03:58Z,9,0.49
C000267,C001032,D000894,2023-03-16T14:21:25Z,2026-04-15T07:43:03Z,10,0.61
C000267,C001148,D000894,2023-03-16T14:21:25Z,2026-04-06T12:03:20Z,24,0.93
C001032,C001148,D000894,2026-02-05T05:48:14Z,2026-04-15T07:43:03Z,16,0.75
C000007,C000268,D000339,2025-01-10T02:49:58Z,2026-03-08T05:57:37Z,2,0.38
C000271,C000931,D000247,2025-09-12T03:52:42Z,2026-03-28T15:33:05Z,3,0.33
C000273,C000738,D000113,2024-10-21T16:33:51Z,2026-02-03T00:14:59Z,22,0.85
C000277,C000510,D000552,2021-01-07T03:11:35Z,2026-04-07T10:50:07Z,5,0.52
C000278,C000975,D000661,2024-02-01T09:06:22Z,2026-04-06T13:01:04Z,10,0.50
C000278,C001081,D000661,2024-02-01T09:06:22Z,2026-03-04T17:58:13Z,5,0.38
C000975,C001081,D000661,2024-05-23T22:02:31Z,2026-04-06T13:01:04Z,14,0.58
C000281,C000790,D000891,2024-06-05T16:47:59Z,2026-03-19T14:45:37Z,2,0.51
C000283,C000482,D000654,2020-12-03T21:31:23Z,2025-03-23T08:51:37Z,25,0.96
C000283,C001058,D000654,2020-12-03T21:31:23Z,2024-10-26T21:24:27Z,19,0.93
C000283,C001123,D000654,2020-12-03T21:31:23Z,2025-10-25T10:14:38Z,10,0.49
C000482,C001058,D000654,2023-07-04T10:13:08Z,2025-03-23T08:51:37Z,3,0.41
C000482,C001123,D000654,2023-07-04T10:13:08Z,2025-10-25T10:14:38Z,26,0.98
C001058,C001123,D000654,2024-02-22T23:46:42Z,2025-10-25T10:14:38Z,17,0.69
C000284,C001064,D000658,2025-11-22T13:40:37Z,2026-03-11T16:55:40Z,19,0.75
C000284,C001065,D000658,2023-10-08T05:50:06Z,2026-01-28T14:00:42Z,15,0.75
C001064,C001065,D000658,2023-10-08T05:50:06Z,2026-03-11T16:55:40Z,4,0.56
C000285,C000596,D000580,2020-12-22T06:42:40Z,2025-09-18T03:25:42Z,25,0.98
C000285,C001130,D000580,2021-02-18T10:09:40Z,2025-09-18T03:25:42Z,7,0.48
C000596,C001130,D000580,2020-12-22T06:42:40Z,2023-03-02T12:16:54Z,23,0.98
C000287,C000846,D000805,2019-12-26T14:08:23Z,2024-11-01T06:18:29Z,8,0.66
C000287,C001036,D000805,2019-12-26T14:08:23Z,2023-08-20T09:11:27Z,11,0.58
C000846,C001036,D000805,2019-12-27T22:08:02Z,2024-11-01T06:18:29Z,3,0.33
C000288,C001005,D000397,2025-05-11T22:28:13Z,2026-04-18T03:32:33Z,25,0.93
C000288,C001104,D000397,2025-12-24T14:30:38Z,2026-04-18T03:32:33Z,26,0.98
C000288,C001192,D000397,2024-06-08T08:34:26Z,2026-04-18T03:32:33Z,4,0.41
C001005,C001104,D000397,2025-05-11T22:28:13Z,2026-01-31T16:25:08Z,23,0.93
C001005,C001192,D000397,2024-06-08T08:34:26Z,2025-10-01T11:32:36Z,10,0.60
C001104,C001192,D000397,2024-06-08T08:34:26Z,2026-01-31T16:25:08Z,13,0.72
C000292,C001029,D000843,2022-05-17T17:07:23Z,2024-08-12T08:43:54Z,25,0.98
C000293,C000416,D000632,2023-03-25T15:28:02Z,2025-04-27T16:05:05Z,17,0.81
C000293,C000954,D000632,2021-04-21T15:17:01Z,2024-03-08T09:51:24Z,7,0.47
C000416,C000954,D000632,2021-04-21T15:17:01Z,2025-04-27T16:05:05Z,3,0.36
C000294,C000916,D000243,2022-04-02T16:11:39Z,2026-04-01T21:45:34Z,25,0.98
C000295,C001129,D000282,2025-01-09T22:59:47Z,2025-12-05T18:56:59Z,2,0.37
C000295,C001193,D000282,2023-05-24T12:30:23Z,2025-12-05T18:56:59Z,23,0.83
C001129,C001193,D000282,2023-05-24T12:30:23Z,2025-09-07T19:33:04Z,3,0.31
C000296,C000855,D000900,2024-12-24T09:45:41Z,2026-04-16T14:34:21Z,23,0.90
C000296,C000904,D000900,2023-10-20T02:39:12Z,2026-04-16T14:34:21Z,17,0.85
C000296,C001057,D000900,2024-12-24T09:45:41Z,2026-04-16T14:34:21Z,25,0.95
C000855,C000904,D000900,2023-10-20T02:39:12Z,2026-02-07T13:37:20Z,10,0.59
C000855,C001057,D000900,2025-04-10T14:17:36Z,2026-04-04T12:26:46Z,3,0.47
C000904,C001057,D000900,2023-10-20T02:39:12Z,2026-04-04T12:26:46Z,27,0.98
C000297,C001109,D000821,2021-12-19T20:57:27Z,2023-10-20T21:58:07Z,17,0.82
C000301,C000911,D000414,2023-04-10T06:03:54Z,2026-04-04T19:44:13Z,11,0.71
C000302,C000918,D000471,2024-08-21T03:16:44Z,2025-09-04T01:11:47Z,7,0.61
C000305,C001060,D000614,2021-11-12T18:48:48Z,2026-04-02T18:28:50Z,4,0.35
C000305,C001185,D000614,2021-11-12T18:48:48Z,2024-10-21T03:13:30Z,20,0.98
C001060,C001185,D000614,2021-11-15T07:14:33Z,2026-04-02T18:28:50Z,13,0.59
C000306,C000308,D000391,2023-05-03T00:22:10Z,2025-06-26T12:25:54Z,24,0.98
C000307,C001039,D000571,2025-04-26T03:48:45Z,2026-04-04T15:16:07Z,11,0.56
C000308,C000921,D000519,2023-05-13T03:32:26Z,2024-11-26T18:15:25Z,8,0.50
C000150,C000309,D000728,2025-08-19T16:07:58Z,2026-03-09T04:04:47Z,21,0.75
C000150,C000732,D000728,2024-12-06T12:18:00Z,2026-04-17T08:54:31Z,6,0.48
C000309,C000732,D000728,2024-12-06T12:18:00Z,2026-04-17T08:54:31Z,25,0.92
C000310,C000966,D000505,2022-05-18T04:32:24Z,2026-01-12T14:41:40Z,16,0.86
C000314,C000910,D000493,2023-07-12T17:11:36Z,2026-04-01T08:19:13Z,21,0.83
C000314,C000934,D000493,2023-07-10T15:32:00Z,2026-04-01T08:19:13Z,18,0.86
C000314,C001022,D000493,2025-11-08T23:36:05Z,2026-04-01T08:19:13Z,22,0.94
C000314,C001054,D000493,2022-11-12T20:55:25Z,2026-04-01T08:19:13Z,7,0.43
C000910,C000934,D000493,2023-07-10T15:32:00Z,2025-07-27T12:56:11Z,21,0.87
C000910,C001022,D000493,2023-07-12T17:11:36Z,2025-12-20T05:29:21Z,26,0.98
C000910,C001054,D000493,2022-11-12T20:55:25Z,2025-09-20T03:56:14Z,7,0.56
C000934,C001022,D000493,2023-07-10T15:32:00Z,2025-12-20T05:29:21Z,6,0.52
C000934,C001054,D000493,2022-11-12T20:55:25Z,2025-09-20T03:56:14Z,17,0.67
C001022,C001054,D000493,2022-11-12T20:55:25Z,2025-12-20T05:29:21Z,16,0.80
C000316,C001079,D000280,2025-12-09T22:39:09Z,2026-04-20T21:21:40Z,7,0.62
C000317,C000656,D000530,2021-09-10T16:56:34Z,2026-04-04T21:32:13Z,14,0.68
C000318,C001027,D000634,2025-11-29T11:33:53Z,2025-12-29T17:56:42Z,13,0.70
C000318,C001080,D000634,2023-06-17T13:04:00Z,2025-12-20T22:08:10Z,8,0.49
C001027,C001080,D000634,2023-06-17T13:04:00Z,2025-12-29T17:56:42Z,7,0.48
C000183,C000321,D000577,2025-09-10T08:20:26Z,2026-04-07T14:58:30Z,28,0.95
C000183,C000993,D000577,2022-04-16T18:59:38Z,2026-02-08T20:12:19Z,26,0.98
C000183,C001045,D000577,2025-09-21T08:48:42Z,2026-02-08T20:12:19Z,10,0.69
C000321,C000993,D000577,2022-04-16T18:59:38Z,2026-04-07T14:58:30Z,27,0.98
C000321,C001045,D000577,2025-09-10T08:20:26Z,2026-04-07T14:58:30Z,11,0.54
C000993,C001045,D000577,2022-04-16T18:59:38Z,2025-12-13T03:46:31Z,5,0.55
C000326,C000579,D000216,2025-05-06T08:36:13Z,2026-03-16T09:04:27Z,20,0.96
C000326,C000985,D000216,2023-08-17T06:23:12Z,2026-03-16T09:04:27Z,21,0.75
C000579,C000985,D000216,2023-08-17T06:23:12Z,2025-10-09T19:44:53Z,28,0.98
C000328,C000930,D000409,2023-12-02T14:09:03Z,2024-10-27T11:19:01Z,4,0.55
C000328,C001059,D000409,2021-08-04T13:05:58Z,2024-10-27T11:19:01Z,9,0.65
C000930,C001059,D000409,2021-08-04T13:05:58Z,2024-09-02T22:56:13Z,8,0.66
C000331,C000957,D000877,2023-05-17T14:44:43Z,2026-03-27T14:46:29Z,4,0.51
C000335,C000907,D000012,2024-12-09T02:36:02Z,2026-02-08T06:48:28Z,6,0.46
C000335,C001028,D000012,2024-10-28T02:46:05Z,2026-02-12T08:52:21Z,19,0.74
C000907,C001028,D000012,2024-10-28T02:46:05Z,2026-02-12T08:52:21Z,7,0.61
C000336,C001079,D000531,2023-08-11T23:35:06Z,2025-12-23T17:14:03Z,17,0.78
C000337,C001051,D000675,2025-07-23T17:23:27Z,2026-04-10T13:39:47Z,10,0.55
C000338,C001123,D000509,2024-10-19T02:30:42Z,2026-03-05T11:10:00Z,28,0.96
C000338,C001170,D000509,2024-10-19T02:30:42Z,2026-04-16T07:55:37Z,3,0.39
C001123,C001170,D000509,2025-08-18T13:16:25Z,2026-04-16T07:55:37Z,10,0.68
C000340,C001042,D000461,2019-06-28T01:06:52Z,2025-04-23T11:14:27Z,8,0.49
C000340,C001182,D000461,2019-06-28T01:06:52Z,2026-04-12T07:48:55Z,25,0.98
C001042,C001182,D000461,2024-01-28T13:42:16Z,2026-04-12T07:48:55Z,10,0.61
C000341,C001007,D000263,2025-09-09T04:00:50Z,2026-01-20T11:25:59Z,12,0.78
C000342,C000964,D000667,2025-06-13T02:59:32Z,2026-03-08T14:10:21Z,16,0.69
C000343,C001052,D000650,2025-01-31T20:44:15Z,2026-04-01T05:13:03Z,14,0.63
C000344,C000741,D000633,2022-07-23T05:40:05Z,2025-12-09T15:01:55Z,4,0.44
C000345,C001074,D000322,2024-04-09T10:48:59Z,2026-01-21T19:35:18Z,21,0.75
C000348,C001191,D000779,2021-03-15T19:37:08Z,2026-01-14T07:38:36Z,26,0.98
C000355,C000955,D000112,2023-12-13T22:36:01Z,2026-03-29T08:56:55Z,5,0.37
C000355,C001124,D000112,2024-02-05T20:15:06Z,2026-03-29T08:56:55Z,20,0.87
C000955,C001124,D000112,2023-12-13T22:36:01Z,2025-02-02T11:41:39Z,26,0.90
C000356,C000778,D000447,2020-08-01T13:30:16Z,2023-12-21T09:42:19Z,28,0.98
C000356,C000945,D000447,2020-08-01T13:30:16Z,2026-01-03T01:40:51Z,3,0.46
C000778,C000945,D000447,2021-11-13T10:02:48Z,2026-01-03T01:40:51Z,13,0.70
C000360,C001049,D000847,2026-02-10T05:40:39Z,2026-03-30T01:21:52Z,6,0.50
C000363,C001047,D000785,2021-02-23T08:25:07Z,2026-02-25T00:07:33Z,15,0.77
C000059,C000079,D000254,2025-08-16T16:28:13Z,2026-04-16T23:03:50Z,21,0.97
C000059,C000370,D000254,2022-04-16T16:28:12Z,2026-03-13T07:25:57Z,22,0.98
C000079,C000370,D000254,2022-04-16T16:28:12Z,2026-04-16T23:03:50Z,6,0.47
C000372,C000541,D000497,2023-12-17T18:57:55Z,2026-03-25T09:47:27Z,27,0.96
C000281,C000373,D000003,2025-12-29T16:12:04Z,2026-02-27T05:46:27Z,9,0.68
C000281,C001122,D000003,2021-01-18T05:16:09Z,2025-12-29T22:08:52Z,27,0.98
C000373,C001122,D000003,2021-01-18T05:16:09Z,2026-02-27T05:46:27Z,14,0.58
C000380,C000727,D000892,2025-05-15T13:42:26Z,2026-01-02T10:10:05Z,6,0.58
C000174,C000381,D000185,2025-09-24T06:44:41Z,2026-04-13T04:24:25Z,11,0.65
C000383,C001020,D000649,2023-12-12T02:37:09Z,2026-03-01T22:32:43Z,5,0.40
C000384,C000860,D000712,2025-05-06T04:20:36Z,2026-04-03T21:16:32Z,21,0.98
C000385,C001030,D000746,2025-08-01T11:18:02Z,2026-04-16T23:39:37Z,21,0.86
C000386,C000436,D000827,2022-12-25T01:30:24Z,2025-09-29T08:43:39Z,19,0.77
C000386,C000809,D000827,2022-12-25T01:30:24Z,2026-01-29T10:41:12Z,13,0.69
C000386,C001029,D000827,2022-12-25T01:30:24Z,2024-12-28T04:50:37Z,19,0.79
C000386,C001063,D000827,2022-12-25T01:30:24Z,2025-05-01T22:26:15Z,9,0.49
C000436,C000809,D000827,2025-01-12T05:39:21Z,2026-01-29T10:41:12Z,20,0.73
C000436,C001029,D000827,2023-03-03T12:30:51Z,2025-09-29T08:43:39Z,18,0.72
C000436,C001063,D000827,2022-12-26T06:33:06Z,2025-09-29T08:43:39Z,13,0.56
C000809,C001029,D000827,2023-03-03T12:30:51Z,2026-01-29T10:41:12Z,3,0.50
C000809,C001063,D000827,2022-12-26T06:33:06Z,2026-01-29T10:41:12Z,10,0.68
C001029,C001063,D000827,2022-12-26T06:33:06Z,2025-05-01T22:26:15Z,13,0.77
C000387,C000953,D000242,2020-02-16T21:20:01Z,2025-12-11T20:44:25Z,10,0.71
C000213,C000388,D000286,2022-04-08T07:16:30Z,2026-03-25T10:41:32Z,24,0.98
C000389,C000788,D000439,2025-01-13T21:24:46Z,2025-08-16T19:15:55Z,20,0.88
C000389,C001037,D000439,2025-01-13T21:24:46Z,2026-03-13T02:01:04Z,22,0.79
C000788,C001037,D000439,2025-06-19T16:13:34Z,2026-03-13T02:01:04Z,6,0.55
C000148,C000391,D000794,2019-09-21T14:38:20Z,2023-10-08T20:15:12Z,4,0.45
C000393,C000927,D000499,2021-10-20T07:01:53Z,2025-09-04T01:13:04Z,14,0.71
C000396,C001171,D000787,2023-08-11T15:20:51Z,2025-07-11T06:11:59Z,23,0.92
C000397,C000923,D000780,2023-08-18T12:52:24Z,2026-03-17T16:13:43Z,5,0.52
C000397,C001145,D000780,2025-12-25T02:57:41Z,2026-03-17T16:13:43Z,25,0.90
C000923,C001145,D000780,2023-08-18T12:52:24Z,2026-02-28T10:43:21Z,13,0.63
C000400,C000649,D000336,2023-08-08T23:14:06Z,2025-07-15T20:44:44Z,5,0.41
C000410,C001031,D000828,2025-02-14T00:36:11Z,2025-12-22T11:48:35Z,6,0.50
C000324,C000411,D000203,2022-07-28T23:00:06Z,2025-09-23T02:03:17Z,11,0.63
C000324,C001084,D000203,2020-06-01T04:12:52Z,2025-09-23T02:03:17Z,22,0.86
C000411,C001084,D000203,2020-06-01T04:12:52Z,2022-09-30T08:54:57Z,9,0.54
C000412,C000429,D000765,2025-03-04T18:56:24Z,2025-12-02T20:53:41Z,6,0.37
C000002,C000222,D000796,2022-06-04T04:15:38Z,2026-03-21T19:14:18Z,6,0.46
C000002,C000413,D000796,2022-06-04T04:15:38Z,2026-03-01T21:23:44Z,8,0.52
C000002,C001061,D000796,2022-06-04T04:15:38Z,2025-12-26T01:22:07Z,20,0.86
C000002,C001092,D000796,2022-06-04T04:15:38Z,2025-12-08T13:30:14Z,11,0.73
C000222,C000413,D000796,2025-05-17T20:22:17Z,2026-03-21T19:14:18Z,26,0.90
C000222,C001061,D000796,2024-07-30T09:31:42Z,2026-03-21T19:14:18Z,27,0.98
C000222,C001092,D000796,2024-05-17T16:36:46Z,2026-03-21T19:14:18Z,20,0.76
C000413,C001061,D000796,2024-07-30T09:31:42Z,2026-03-01T21:23:44Z,17,0.74
C000413,C001092,D000796,2024-05-17T16:36:46Z,2026-03-01T21:23:44Z,11,0.69
C001061,C001092,D000796,2024-05-17T16:36:46Z,2025-12-26T01:22:07Z,10,0.62
C000415,C001032,D000067,2025-10-17T08:57:08Z,2026-04-08T04:45:54Z,25,0.98
C000416,C000959,D000128,2023-10-05T13:47:41Z,2026-03-01T12:52:33Z,26,0.98
C000417,C001131,D000455,2025-11-29T04:00:03Z,2026-04-15T09:56:55Z,22,0.78
C000417,C001166,D000455,2025-05-30T00:24:13Z,2026-02-20T17:13:51Z,20,0.83
C001131,C001166,D000455,2025-05-30T00:24:13Z,2026-04-15T09:56:55Z,15,0.69
C000418,C000424,D000368,2020-04-03T17:06:43Z,2023-02-21T05:34:27Z,2,0.42
C000418,C001011,D000368,2022-09-30T21:41:25Z,2025-11-13T16:25:15Z,25,0.89
C000424,C001011,D000368,2020-04-03T17:06:43Z,2025-11-13T16:25:15Z,27,0.97
C000419,C001070,D000362,2024-05-09T07:00:14Z,2025-07-12T01:43:40Z,16,0.65
C000420,C001012,D000349,2022-03-30T03:19:00Z,2026-04-12T02:45:29Z,8,0.46
C000422,C001167,D000017,2023-12-31T07:53:38Z,2025-05-07T16:12:20Z,27,0.98
C000425,C000752,D000886,2025-09-24T08:49:58Z,2026-01-25T01:03:24Z,21,0.93
C000425,C000754,D000886,2024-11-11T18:53:13Z,2025-11-04T01:43:31Z,19,0.93
C000752,C000754,D000886,2024-11-11T18:53:13Z,2026-01-25T01:03:24Z,27,0.98
C000429,C000613,D000558,2022-03-10T23:44:16Z,2024-08-30T22:53:22Z,15,0.81
C000429,C000922,D000558,2022-03-10T23:44:16Z,2025-12-15T06:59:53Z,26,0.98
C000613,C000922,D000558,2024-01-07T04:02:09Z,2025-12-15T06:59:53Z,22,0.90
C000141,C000285,D000653,2022-11-28T13:34:48Z,2026-03-04T18:27:25Z,16,0.76
C000141,C000436,D000653,2022-11-28T13:34:48Z,2024-08-07T15:13:47Z,11,0.51
C000285,C000436,D000653,2023-03-29T06:29:14Z,2026-03-04T18:27:25Z,6,0.38
C000437,C000453,D000027,2022-07-30T13:49:05Z,2026-03-04T18:35:59Z,13,0.74
C000440,C001052,D000809,2025-09-19T23:52:14Z,2026-04-06T19:58:20Z,24,0.83
C000440,C001140,D000809,2025-05-13T00:17:57Z,2025-12-06T11:27:54Z,24,0.89
C001052,C001140,D000809,2025-05-13T00:17:57Z,2026-04-06T19:58:20Z,21,0.91
C000443,C000912,D000399,2024-12-09T03:03:00Z,2026-04-12T09:39:08Z,19,0.84
C000447,C001045,D000511,2024-06-04T05:06:29Z,2026-02-27T01:25:39Z,22,0.84
C000447,C001109,D000511,2023-01-18T06:42:00Z,2025-10-13T00:36:42Z,4,0.35
C001045,C001109,D000511,2023-01-18T06:42:00Z,2026-02-27T01:25:39Z,25,0.98
C000449,C001056,D000666,2022-03-01T13:08:20Z,2026-01-20T11:57:32Z,25,0.98
C000453,C000968,D000752,2019-07-20T09:51:31Z,2022-10-26T05:41:41Z,22,0.81
C000454,C000977,D000876,2021-08-06T06:34:34Z,2024-06-29T02:53:02Z,25,0.98
C000457,C000590,D000252,2021-06-12T06:30:32Z,2025-04-29T01:48:32Z,4,0.45
C000458,C000996,D000681,2021-11-18T03:49:30Z,2025-10-24T12:44:17Z,10,0.70
C000463,C000974,D000588,2021-10-24T21:04:45Z,2026-04-12T01:59:53Z,8,0.42
C000464,C000784,D000446,2023-09-10T03:17:03Z,2026-04-12T15:51:45Z,28,0.98
C000464,C000856,D000446,2023-09-10T03:17:03Z,2025-12-23T08:21:17Z,22,0.94
C000464,C001112,D000446,2023-09-10T03:17:03Z,2025-12-16T05:48:30Z,23,0.92
C000784,C000856,D000446,2024-04-21T02:21:36Z,2026-04-12T15:51:45Z,15,0.85
C000784,C001112,D000446,2024-12-21T18:27:28Z,2026-04-12T15:51:45Z,17,0.70
C000856,C001112,D000446,2024-04-21T02:21:36Z,2025-12-23T08:21:17Z,2,0.45
C000465,C000902,D000678,2021-11-08T01:27:55Z,2025-08-17T07:20:25Z,26,0.98
C000469,C000525,D000605,2024-06-01T00:38:27Z,2026-04-11T17:50:26Z,2,0.39
C000158,C000470,D000178,2022-05-31T02:30:22Z,2025-05-21T13:10:58Z,12,0.59
C000158,C000703,D000178,2024-04-05T19:29:19Z,2025-06-13T05:49:29Z,7,0.60
C000158,C001167,D000178,2019-02-01T13:40:23Z,2025-05-21T13:10:58Z,4,0.46
C000470,C000703,D000178,2022-05-31T02:30:22Z,2025-06-13T05:49:29Z,14,0.82
C000470,C001167,D000178,2019-02-01T13:40:23Z,2025-05-02T14:41:59Z,26,0.88
C000703,C001167,D000178,2019-02-01T13:40:23Z,2025-06-13T05:49:29Z,9,0.63
C000471,C001023,D000665,2025-08-07T05:21:44Z,2026-04-18T20:11:27Z,18,0.92
C000046,C000472,D000100,2022-02-25T22:25:47Z,2025-04-04T20:40:14Z,21,0.78
C000042,C000474,D000111,2023-07-02T12:53:04Z,2025-07-07T00:16:10Z,20,0.88
C000130,C000477,D000773,2021-03-04T16:59:51Z,2025-11-28T00:27:28Z,10,0.50
C000479,C000761,D000032,2020-08-23T03:02:45Z,2023-04-27T06:35:22Z,17,0.78
C000284,C000483,D000539,2022-06-04T16:02:03Z,2025-09-29T21:42:27Z,6,0.61
C000135,C000485,D000485,2022-07-10T08:18:57Z,2025-11-10T15:58:39Z,27,0.92
C000135,C000821,D000485,2022-07-10T08:18:57Z,2026-02-02T02:24:10Z,9,0.68
C000485,C000821,D000485,2022-12-08T19:35:04Z,2026-02-02T02:24:10Z,6,0.42
C000488,C000867,D000217,2024-06-30T03:38:35Z,2026-04-08T03:12:46Z,2,0.47
C000315,C000489,D000620,2021-02-05T15:16:14Z,2026-02-12T06:40:46Z,2,0.30
C000315,C001033,D000620,2021-02-05T15:16:14Z,2026-02-12T06:40:46Z,27,0.98
C000489,C001033,D000620,2024-09-16T17:23:22Z,2025-10-09T15:40:01Z,17,0.84
C000490,C001105,D000873,2022-12-27T09:17:45Z,2026-01-16T06:42:40Z,5,0.60
C000493,C000998,D000422,2023-06-09T07:21:11Z,2026-02-21T03:25:37Z,4,0.50
C000325,C000494,D000002,2020-12-10T08:39:57Z,2025-07-12T02:31:32Z,7,0.60
C000325,C000942,D000002,2020-12-10T08:39:57Z,2025-09-22T17:51:03Z,19,0.89
C000494,C000942,D000002,2024-12-20T02:16:58Z,2025-09-22T17:51:03Z,14,0.69
C000495,C001159,D000477,2023-04-06T19:55:27Z,2026-04-20T04:10:47Z,14,0.77
C000459,C000503,D000750,2023-05-05T19:01:02Z,2026-03-26T14:26:30Z,26,0.98
C000505,C000999,D000347,2023-12-04T22:53:35Z,2026-03-25T04:31:17Z,26,0.93
C000506,C000972,D000328,2025-06-06T05:02:19Z,2026-04-06T04:02:44Z,27,0.98
C000514,C001014,D000536,2022-03-28T17:30:05Z,2026-03-05T18:27:48Z,26,0.98
C000258,C000518,D000803,2023-10-04T14:47:31Z,2026-03-25T00:05:49Z,12,0.57
C000258,C000938,D000803,2022-09-20T10:55:40Z,2026-04-01T15:15:04Z,14,0.82
C000518,C000938,D000803,2022-09-20T10:55:40Z,2026-04-01T15:15:04Z,23,0.90
C000044,C000520,D000163,2023-08-03T07:51:20Z,2025-02-16T10:34:07Z,12,0.75
C000044,C000935,D000163,2023-08-03T07:51:20Z,2024-06-07T12:41:59Z,6,0.46
C000520,C000935,D000163,2023-09-19T07:55:26Z,2025-02-16T10:34:07Z,26,0.98
C000521,C001016,D000514,2024-10-30T19:36:44Z,2026-04-10T10:27:28Z,5,0.38
C000373,C000522,D000562,2025-11-02T02:14:33Z,2026-04-13T08:27:05Z,14,0.69
C000523,C000663,D000590,2019-08-09T01:54:35Z,2025-05-08T06:35:39Z,14,0.64
C000527,C001177,D000440,2018-12-02T11:49:43Z,2024-11-06T03:18:47Z,4,0.54
C000532,C001022,D000055,2024-12-13T06:40:05Z,2025-12-12T01:17:15Z,20,0.78
C000244,C000535,D000888,2023-01-04T21:05:04Z,2026-02-17T14:14:15Z,15,0.74
C000244,C001198,D000888,2023-01-04T21:05:04Z,2025-04-11T05:15:45Z,7,0.63
C000535,C001198,D000888,2024-07-26T10:06:23Z,2026-02-17T14:14:15Z,28,0.98
C000538,C000920,D000818,2024-02-20T00:49:44Z,2025-06-10T16:50:38Z,21,0.98
C000465,C000539,D000576,2018-10-15T03:34:08Z,2025-08-22T08:04:32Z,17,0.78
C000465,C001097,D000576,2023-12-21T12:19:23Z,2025-08-22T08:04:32Z,12,0.60
C000465,C001190,D000576,2021-02-18T12:34:43Z,2025-08-22T08:04:32Z,25,0.86
C000539,C001097,D000576,2018-10-15T03:34:08Z,2025-03-15T16:55:05Z,21,0.76
C000539,C001190,D000576,2018-10-15T03:34:08Z,2023-11-20T19:55:06Z,21,0.75
C001097,C001190,D000576,2021-02-18T12:34:43Z,2025-03-15T16:55:05Z,9,0.55
C000480,C000540,D000314,2024-01-17T13:59:23Z,2026-04-06T20:08:30Z,26,0.90
C000541,C000990,D000710,2025-12-26T14:56:20Z,2026-04-21T09:05:33Z,16,0.69
C000542,C001017,D000428,2025-08-20T15:17:08Z,2026-03-29T11:16:37Z,2,0.28
C000542,C001150,D000428,2018-07-11T05:29:43Z,2025-09-11T19:32:39Z,10,0.57
C001017,C001150,D000428,2018-07-11T05:29:43Z,2026-03-29T11:16:37Z,22,0.96
C000546,C000917,D000774,2019-10-25T19:29:24Z,2025-12-19T05:11:16Z,10,0.52
C000546,C001019,D000774,2025-11-19T15:37:13Z,2026-03-20T22:48:23Z,17,0.74
C000546,C001048,D000774,2025-11-19T15:37:13Z,2026-01-03T08:02:57Z,14,0.66
C000546,C001156,D000774,2025-11-19T15:37:13Z,2026-04-07T18:14:40Z,17,0.67
C000917,C001019,D000774,2019-10-25T19:29:24Z,2026-03-20T22:48:23Z,14,0.62
C000917,C001048,D000774,2019-10-25T19:29:24Z,2026-01-03T08:02:57Z,8,0.52
C000917,C001156,D000774,2019-10-25T19:29:24Z,2026-04-07T18:14:40Z,12,0.59
C001019,C001048,D000774,2025-12-27T10:54:09Z,2026-03-20T22:48:23Z,16,0.71
C001019,C001156,D000774,2026-03-05T00:25:46Z,2026-04-07T18:14:40Z,9,0.64
C001048,C001156,D000774,2025-12-27T10:54:09Z,2026-04-07T18:14:40Z,24,0.98
C000346,C000547,D000672,2025-07-02T05:31:14Z,2026-03-19T08:40:06Z,23,0.87
C000346,C001183,D000672,2023-03-18T09:44:54Z,2026-03-19T08:40:06Z,5,0.40
C000547,C001183,D000672,2023-03-18T09:44:54Z,2026-02-03T03:17:04Z,17,0.79
C000468,C000550,D000810,2024-04-09T22:26:56Z,2026-01-31T03:39:26Z,21,0.79
C000551,C001154,D000398,2018-04-08T13:38:08Z,2025-08-27T16:14:57Z,17,0.87
C000553,C001026,D000808,2019-11-27T21:17:27Z,2026-04-16T05:58:22Z,27,0.95
C000555,C000655,D000372,2024-01-25T02:06:37Z,2026-01-31T06:37:21Z,25,0.98
C000556,C000960,D000038,2026-03-23T15:40:07Z,2026-04-12T08:06:56Z,9,0.48
C000559,C000902,D000671,2020-05-26T15:44:08Z,2026-04-20T02:28:03Z,3,0.40
C000559,C001102,D000671,2025-02-28T03:35:33Z,2026-04-20T02:28:03Z,24,0.86
C000902,C001102,D000671,2020-05-26T15:44:08Z,2025-12-05T17:04:06Z,20,0.96
C000561,C001084,D000854,2023-03-21T03:16:18Z,2025-12-28T04:36:48Z,27,0.98
C000561,C001192,D000854,2024-10-02T09:43:56Z,2025-12-28T04:36:48Z,28,0.93
C001084,C001192,D000854,2023-03-21T03:16:18Z,2025-10-31T23:50:54Z,25,0.97
C000563,C000566,D000344,2024-07-02T09:30:27Z,2026-03-20T03:37:11Z,15,0.77
C000563,C001030,D000344,2026-02-22T17:33:15Z,2026-04-18T14:32:51Z,3,0.46
C000566,C001030,D000344,2024-07-02T09:30:27Z,2026-04-18T14:32:51Z,17,0.86
C000276,C000564,D000573,2023-03-12T18:45:58Z,2026-04-10T04:22:52Z,18,0.68
C000570,C001152,D000669,2024-02-15T17:09:01Z,2026-03-27T09:54:11Z,23,0.98
C000573,C001173,D000474,2024-11-20T09:57:17Z,2026-02-08T20:25:54Z,2,0.34
C000101,C000498,D000358,2024-02-04T17:59:02Z,2026-02-03T05:03:44Z,24,0.95
C000101,C000577,D000358,2022-10-26T12:04:15Z,2025-11-10T16:19:36Z,6,0.59
C000101,C000967,D000358,2024-02-04T17:59:02Z,2026-01-26T21:31:47Z,5,0.54
C000101,C001004,D000358,2024-02-04T17:59:02Z,2026-02-01T17:07:08Z,19,0.81
C000498,C000577,D000358,2022-10-26T12:04:15Z,2026-02-03T05:03:44Z,18,0.90
C000498,C000967,D000358,2025-04-17T07:02:26Z,2026-02-03T05:03:44Z,27,0.98
C000498,C001004,D000358,2024-09-21T11:39:54Z,2026-02-03T05:03:44Z,26,0.98
C000577,C000967,D000358,2022-10-26T12:04:15Z,2026-01-26T21:31:47Z,28,0.98
C000577,C001004,D000358,2022-10-26T12:04:15Z,2026-02-01T17:07:08Z,18,0.81
C000967,C001004,D000358,2024-09-21T11:39:54Z,2026-02-01T17:07:08Z,16,0.79
C000126,C000578,D000875,2024-09-03T14:02:27Z,2025-02-15T21:31:19Z,24,0.96
C000047,C000579,D000623,2023-09-24T21:48:55Z,2026-04-10T13:48:20Z,2,0.39
C000581,C000864,D000859,2023-02-04T16:36:08Z,2025-08-20T09:15:35Z,14,0.67
C000582,C000952,D000615,2022-12-25T13:36:10Z,2026-04-01T23:16:39Z,10,0.50
C000582,C001101,D000615,2022-12-25T13:36:10Z,2026-03-16T14:44:04Z,24,0.83
C000952,C001101,D000615,2024-05-08T21:08:55Z,2026-04-01T23:16:39Z,23,0.90
C000583,C000871,D000565,2023-04-11T02:10:30Z,2025-11-17T01:45:31Z,12,0.63
C000592,C001002,D000141,2024-03-07T16:55:10Z,2025-09-15T10:54:54Z,12,0.74
C000592,C001118,D000141,2024-03-07T16:55:10Z,2026-03-28T01:28:30Z,16,0.86
C001002,C001118,D000141,2024-10-02T05:39:34Z,2026-03-28T01:28:30Z,3,0.31
C000403,C000593,D000208,2025-08-22T09:04:42Z,2026-04-19T15:29:10Z,8,0.48
C000403,C001169,D000208,2020-02-14T10:13:36Z,2025-11-21T14:30:36Z,26,0.98
C000593,C001169,D000208,2020-02-14T10:13:36Z,2026-04-19T15:29:10Z,12,0.67
C000531,C000595,D000401,2025-09-23T21:47:25Z,2026-02-14T19:13:02Z,26,0.94
C000596,C001141,D000413,2019-12-08T10:47:12Z,2025-10-15T08:32:21Z,10,0.73
C000597,C001196,D000325,2022-12-05T20:06:00Z,2025-12-20T08:43:41Z,9,0.62
C000599,C000903,D000429,2018-11-13T22:29:09Z,2025-12-07T16:47:33Z,11,0.63
C000600,C001194,D000378,2024-02-07T22:01:44Z,2025-11-26T08:13:40Z,6,0.39
C000603,C001158,D000832,2023-04-20T15:35:33Z,2025-06-19T01:20:22Z,6,0.41
C000606,C001077,D000799,2022-01-26T19:10:31Z,2025-01-01T18:47:37Z,16,0.70
C000606,C001088,D000799,2023-08-24T09:41:31Z,2025-06-15T12:12:30Z,18,0.93
C001077,C001088,D000799,2022-01-26T19:10:31Z,2025-06-15T12:12:30Z,10,0.59
C000609,C001043,D000793,2026-02-27T20:39:53Z,2026-04-19T16:41:58Z,11,0.54
C000610,C001078,D000180,2019-08-11T16:16:48Z,2026-04-10T06:38:39Z,8,0.43
C000612,C001099,D000006,2023-10-21T16:07:09Z,2026-03-17T04:13:17Z,3,0.47
C000613,C000789,D000487,2022-11-08T20:28:32Z,2025-03-01T13:00:03Z,4,0.52
C000614,C000945,D000660,2023-03-15T12:48:35Z,2026-02-08T09:23:12Z,8,0.50
C000615,C000941,D000270,2023-06-25T23:56:16Z,2025-11-07T10:46:21Z,27,0.98
C000616,C001198,D000442,2025-08-27T05:49:40Z,2026-04-13T14:14:10Z,14,0.73
C000619,C001015,D000488,2025-02-24T12:37:23Z,2026-03-20T03:47:46Z,19,0.95
C000621,C001176,D000451,2023-01-16T18:56:41Z,2026-03-20T20:56:39Z,22,0.79
C000623,C000950,D000198,2021-09-10T22:20:31Z,2026-03-19T07:16:50Z,5,0.58
C000623,C000986,D000198,2023-01-29T06:18:38Z,2026-03-19T07:16:50Z,15,0.70
C000950,C000986,D000198,2021-09-10T22:20:31Z,2024-10-16T07:36:33Z,24,0.93
C000624,C001010,D000400,2022-07-28T07:58:13Z,2026-03-24T04:24:17Z,21,0.94
C000624,C001197,D000400,2026-02-02T06:02:47Z,2026-04-09T18:49:04Z,15,0.60
C001010,C001197,D000400,2022-07-28T07:58:13Z,2026-04-09T18:49:04Z,17,0.71
C000626,C001055,D000879,2026-03-21T03:39:33Z,2026-04-08T01:34:50Z,24,0.98
C000627,C001119,D000285,2025-03-16T07:38:26Z,2025-12-07T20:04:09Z,19,0.76
C000262,C000629,D000052,2024-06-27T18:11:06Z,2025-08-29T05:23:34Z,13,0.55
C000605,C000634,D000772,2025-07-26T11:38:53Z,2026-04-04T15:01:23Z,5,0.38
C000635,C000970,D000436,2025-01-08T17:15:51Z,2026-04-18T21:35:41Z,4,0.53
C000635,C001040,D000436,2024-12-20T18:33:33Z,2025-09-19T11:04:31Z,3,0.38
C000970,C001040,D000436,2024-12-20T18:33:33Z,2026-04-18T21:35:41Z,19,0.72
C000634,C000636,D000874,2021-01-23T21:00:15Z,2025-03-06T07:31:41Z,13,0.80
C000550,C000639,D000199,2020-08-01T12:00:49Z,2026-03-07T00:25:40Z,28,0.98
C000550,C000960,D000199,2025-11-30T18:41:03Z,2026-04-19T08:52:40Z,4,0.40
C000639,C000960,D000199,2020-08-01T12:00:49Z,2026-04-19T08:52:40Z,15,0.73
C000641,C000651,D000195,2025-12-18T12:34:16Z,2026-04-10T16:55:55Z,20,0.74
C000641,C000944,D000195,2021-12-21T08:18:40Z,2026-04-10T16:55:55Z,12,0.53
C000651,C000944,D000195,2021-12-21T08:18:40Z,2026-01-06T23:28:47Z,13,0.60
C000642,C000729,D000466,2023-09-17T17:47:06Z,2025-07-31T11:55:07Z,22,0.86
C000132,C000643,D000899,2023-01-24T20:59:11Z,2025-06-26T18:45:01Z,2,0.28
C000645,C000722,D000015,2022-08-27T23:07:48Z,2026-02-27T20:36:53Z,8,0.55
C000645,C001031,D000015,2022-08-27T23:07:48Z,2026-03-28T09:38:16Z,22,0.84
C000722,C001031,D000015,2025-12-18T21:11:02Z,2026-03-28T09:38:16Z,22,0.81
C000513,C000647,D000299,2024-02-19T17:59:58Z,2025-11-14T09:27:52Z,16,0.64
C000513,C000956,D000299,2023-08-17T11:05:28Z,2025-11-14T09:27:52Z,8,0.50
C000647,C000956,D000299,2023-08-17T11:05:28Z,2025-11-13T15:43:40Z,8,0.52
C000649,C000943,D000628,2024-08-16T16:14:53Z,2025-12-19T11:25:15Z,16,0.74
C000650,C001091,D000751,2023-01-04T02:00:15Z,2026-04-08T18:37:55Z,2,0.49
C000653,C001095,D000306,2024-06-01T03:21:15Z,2025-10-02T16:13:22Z,22,0.97
C000217,C000658,D000846,2023-11-13T04:15:25Z,2026-04-09T21:44:24Z,28,0.98
C000217,C001093,D000846,2021-04-09T23:30:48Z,2026-04-09T21:44:24Z,25,0.98
C000658,C001093,D000846,2021-04-09T23:30:48Z,2025-10-29T13:39:29Z,11,0.53
C000378,C000660,D000836,2021-04-23T13:28:07Z,2025-09-19T01:33:59Z,20,0.97
C000662,C000810,D000812,2024-12-26T07:51:36Z,2025-12-10T02:41:51Z,9,0.55
C000663,C000948,D000184,2019-12-21T01:28:39Z,2025-04-29T23:59:05Z,27,0.98
C000666,C000932,D000568,2024-08-01T14:59:10Z,2025-04-24T19:39:11Z,21,0.98
C000667,C001125,D000348,2023-09-16T23:38:30Z,2026-03-09T07:24:13Z,10,0.51
C000668,C000992,D000482,2026-02-06T18:41:11Z,2026-03-29T20:22:49Z,17,0.88
C000672,C001193,D000786,2025-03-05T20:47:42Z,2026-03-18T18:29:15Z,8,0.57
C000675,C000904,D000454,2021-08-09T01:10:10Z,2026-02-18T19:51:25Z,28,0.98
C000675,C000951,D000454,2021-08-09T01:10:10Z,2026-03-05T04:04:40Z,12,0.74
C000904,C000951,D000454,2024-09-12T13:11:11Z,2026-03-05T04:04:40Z,11,0.75
C000678,C000959,D000682,2022-08-06T01:01:51Z,2024-09-10T13:24:06Z,11,0.63
C000679,C000836,D000608,2022-10-21T17:48:28Z,2026-02-24T16:29:13Z,25,0.86
C000679,C000921,D000608,2022-10-21T17:48:28Z,2025-03-06T03:48:30Z,9,0.61
C000836,C000921,D000608,2023-03-31T17:48:48Z,2026-02-24T16:29:13Z,14,0.72
C000680,C000776,D000453,2018-11-03T06:56:26Z,2025-09-23T06:39:01Z,17,0.78
C000680,C000906,D000453,2018-11-03T06:56:26Z,2022-11-14T10:07:24Z,21,0.96
C000680,C001073,D000453,2018-11-03T06:56:26Z,2025-08-22T08:04:28Z,2,0.41
C000776,C000906,D000453,2021-02-15T16:34:21Z,2025-09-23T06:39:01Z,22,0.95
C000776,C001073,D000453,2023-01-20T17:35:10Z,2025-09-23T06:39:01Z,11,0.61
C000906,C001073,D000453,2021-02-15T16:34:21Z,2025-08-22T08:04:28Z,9,0.66
C000681,C001094,D000635,2020-05-19T07:26:21Z,2026-02-16T08:47:21Z,28,0.93
C000682,C001127,D000150,2023-09-04T10:51:35Z,2026-01-28T11:11:43Z,28,0.95
C000684,C000897,D000443,2024-07-10T15:34:30Z,2026-01-23T19:33:31Z,2,0.48
C000684,C001078,D000443,2022-12-09T01:08:11Z,2025-08-29T06:53:03Z,23,0.88
C000897,C001078,D000443,2022-12-09T01:08:11Z,2026-01-23T19:33:31Z,28,0.98
C000689,C001130,D000472,2022-05-19T18:49:15Z,2026-03-03T10:44:02Z,5,0.51
C000689,C001162,D000472,2025-02-09T14:22:03Z,2026-03-03T10:44:02Z,6,0.60
C001130,C001162,D000472,2022-05-19T18:49:15Z,2025-06-22T10:33:25Z,10,0.50
C000316,C000690,D000066,2022-03-26T14:23:33Z,2025-07-16T09:32:56Z,17,0.79
C000691,C001005,D000537,2025-06-05T15:02:35Z,2026-01-28T02:52:14Z,4,0.49
C000692,C001172,D000699,2024-01-15T13:56:07Z,2025-05-03T00:09:46Z,5,0.54
C000348,C000540,D000081,2024-08-14T22:27:26Z,2025-12-26T22:45:31Z,8,0.59
C000348,C000694,D000081,2021-08-04T02:36:23Z,2025-12-24T08:18:49Z,6,0.58
C000540,C000694,D000081,2021-08-04T02:36:23Z,2025-12-26T22:45:31Z,21,0.97
C000001,C000699,D000317,2025-10-21T09:32:03Z,2026-03-16T12:14:23Z,6,0.40
C000001,C001003,D000317,2025-09-22T11:41:24Z,2026-03-13T20:48:26Z,4,0.49
C000699,C001003,D000317,2025-09-22T11:41:24Z,2026-03-16T12:14:23Z,20,0.83
C000700,C000941,D000444,2021-09-06T02:38:51Z,2025-08-11T08:59:44Z,17,0.75
C000700,C001068,D000444,2023-06-25T10:01:17Z,2026-03-20T23:36:40Z,19,0.91
C000941,C001068,D000444,2021-09-06T02:38:51Z,2026-03-20T23:36:40Z,16,0.69
C000530,C000702,D000213,2023-08-13T01:14:17Z,2026-04-13T20:24:17Z,4,0.50
C000050,C000703,D000311,2021-10-06T16:01:26Z,2026-03-04T16:21:34Z,11,0.60
C000050,C001137,D000311,2023-11-02T13:14:38Z,2026-03-04T16:21:34Z,3,0.30
C000703,C001137,D000311,2021-10-06T16:01:26Z,2024-12-17T14:18:41Z,12,0.56
C000705,C001125,D000516,2024-11-22T10:07:54Z,2025-12-05T04:48:15Z,9,0.45
C000706,C001050,D000139,2023-11-11T03:08:20Z,2026-04-13T05:30:48Z,26,0.98
C000707,C001048,D000078,2022-04-19T07:53:03Z,2025-12-10T17:56:14Z,13,0.77
C000707,C001166,D000078,2022-04-19T07:53:03Z,2026-03-24T23:44:10Z,26,0.91
C001048,C001166,D000078,2022-06-08T21:56:01Z,2026-03-24T23:44:10Z,3,0.37
C000012,C000708,D000705,2025-11-14T20:09:34Z,2026-04-15T19:32:32Z,7,0.57
C000341,C000710,D000554,2022-10-07T15:09:18Z,2026-01-02T08:07:58Z,11,0.74
C000711,C000873,D000694,2020-02-29T05:52:45Z,2025-10-23T17:58:15Z,11,0.59
C000711,C001083,D000694,2021-08-07T17:33:13Z,2025-10-23T17:58:15Z,10,0.51
C000873,C001083,D000694,2020-02-29T05:52:45Z,2022-09-30T01:22:50Z,21,0.91
C000712,C001153,D000538,2024-11-16T01:02:11Z,2026-04-15T12:16:40Z,28,0.98
C000670,C000714,D000534,2024-07-07T11:08:15Z,2025-10-11T15:23:38Z,16,0.72
C000716,C000938,D000896,2021-04-12T06:36:29Z,2026-02-28T10:01:29Z,11,0.64
C000718,C000988,D000457,2019-11-27T08:43:29Z,2025-03-28T02:52:09Z,3,0.32
C000718,C001134,D000457,2019-11-27T08:43:29Z,2025-11-08T23:33:20Z,19,0.80
C000988,C001134,D000457,2022-09-07T01:45:35Z,2025-11-08T23:33:20Z,2,0.46
C000719,C001000,D000303,2020-08-19T13:40:37Z,2025-04-21T10:11:03Z,9,0.60
C000719,C001108,D000303,2020-08-19T13:40:37Z,2024-01-15T15:19:37Z,7,0.63
C001000,C001108,D000303,2023-10-14T01:32:55Z,2025-04-21T10:11:03Z,14,0.77
C000720,C000987,D000890,2023-01-06T18:43:41Z,2025-04-30T07:30:41Z,16,0.82
C000524,C000721,D000582,2023-03-05T15:21:49Z,2026-02-17T17:39:21Z,24,0.83
C000076,C000727,D000182,2024-08-03T17:43:28Z,2026-02-08T13:10:35Z,19,0.73
C000440,C000728,D000616,2025-04-25T18:23:23Z,2026-02-07T21:36:06Z,9,0.53
C000338,C000729,D000819,2023-12-11T04:51:36Z,2024-10-06T16:52:03Z,2,0.29
C000369,C000731,D000822,2019-09-29T09:45:03Z,2026-04-01T06:18:16Z,13,0.76
C000369,C001053,D000822,2024-06-06T23:10:56Z,2026-04-01T06:18:16Z,27,0.98
C000731,C001053,D000822,2019-09-29T09:45:03Z,2026-01-06T22:39:11Z,20,0.82
C000732,C001120,D000383,2024-11-17T21:00:18Z,2026-01-21T02:01:47Z,2,0.32
C000732,C001164,D000383,2025-12-27T00:20:44Z,2026-01-21T02:01:47Z,21,0.87
C001120,C001164,D000383,2024-11-17T21:00:18Z,2026-01-15T04:19:47Z,6,0.62
C000367,C000733,D000187,2023-12-30T16:59:03Z,2025-05-14T14:46:03Z,27,0.98
C000367,C001066,D000187,2024-09-16T15:19:27Z,2025-06-26T04:01:22Z,10,0.67
C000367,C001097,D000187,2023-08-23T12:06:11Z,2025-05-14T14:46:03Z,25,0.98
C000733,C001066,D000187,2023-12-30T16:59:03Z,2025-06-26T04:01:22Z,20,0.76
C000733,C001097,D000187,2023-08-23T12:06:11Z,2024-12-31T12:20:13Z,5,0.48
C001066,C001097,D000187,2023-08-23T12:06:11Z,2025-06-26T04:01:22Z,10,0.59
C000013,C000737,D000206,2024-10-06T05:28:31Z,2025-12-13T06:16:25Z,26,0.97
C000738,C001121,D000603,2023-01-11T04:46:38Z,2026-01-29T23:50:49Z,4,0.36
C000339,C000542,D000526,2021-05-25T12:56:43Z,2024-08-26T14:09:57Z,17,0.71
C000339,C000739,D000526,2023-04-11T14:15:16Z,2026-04-11T16:43:39Z,14,0.83
C000542,C000739,D000526,2021-05-25T12:56:43Z,2026-04-11T16:43:39Z,22,0.92
C000741,C000984,D000617,2023-09-05T11:48:36Z,2025-12-12T11:09:21Z,20,0.88
C000717,C000742,D000222,2023-08-02T16:49:00Z,2026-02-07T18:28:18Z,8,0.45
C000717,C000773,D000222,2024-07-25T08:30:29Z,2025-12-19T18:07:43Z,13,0.79
C000742,C000773,D000222,2023-08-02T16:49:00Z,2026-02-07T18:28:18Z,24,0.87
C000744,C001021,D000631,2020-09-08T18:44:30Z,2026-01-27T14:08:45Z,19,0.80
C000019,C000746,D000120,2024-01-24T20:41:16Z,2025-05-07T19:51:21Z,12,0.68
C000019,C001180,D000120,2024-05-04T02:24:59Z,2026-01-15T11:46:34Z,11,0.57
C000746,C001180,D000120,2024-01-24T20:41:16Z,2026-01-15T11:46:34Z,19,0.76
C000072,C000747,D000033,2024-02-07T15:09:00Z,2026-03-28T16:52:43Z,28,0.98
C000072,C001020,D000033,2024-03-17T11:37:38Z,2025-04-28T04:28:41Z,24,0.98
C000072,C001076,D000033,2024-03-17T11:37:38Z,2026-03-24T00:41:28Z,22,0.82
C000747,C001020,D000033,2024-02-07T15:09:00Z,2026-03-28T16:52:43Z,20,0.90
C000747,C001076,D000033,2024-02-07T15:09:00Z,2026-03-28T16:52:43Z,28,0.93
C001020,C001076,D000033,2024-07-19T17:13:02Z,2026-03-24T00:41:28Z,13,0.67
C000751,C000995,D000201,2019-08-22T23:19:07Z,2026-02-08T12:51:59Z,14,0.63
C000752,C001101,D000028,2023-11-08T01:46:26Z,2025-12-01T15:30:31Z,19,0.72
C000310,C000754,D000696,2020-10-22T16:57:50Z,2025-06-09T01:33:27Z,23,0.94
C000303,C000755,D000250,2025-09-24T17:37:18Z,2026-03-26T03:13:16Z,12,0.75
C000303,C000952,D000250,2024-06-19T23:25:33Z,2026-01-14T15:10:34Z,11,0.65
C000755,C000952,D000250,2024-06-19T23:25:33Z,2026-03-26T03:13:16Z,19,0.76
C000760,C000850,D000425,2020-08-04T00:15:27Z,2025-02-12T14:30:31Z,13,0.69
C000764,C000982,D000706,2025-11-22T13:50:06Z,2026-02-16T20:00:55Z,27,0.91
C000765,C001008,D000657,2021-02-24T00:29:40Z,2025-12-24T07:15:58Z,15,0.85
C000457,C000766,D000207,2022-09-17T10:03:27Z,2025-09-14T00:33:22Z,4,0.41
C000457,C001126,D000207,2024-10-22T03:13:24Z,2025-09-14T00:33:22Z,17,0.71
C000766,C001126,D000207,2022-09-17T10:03:27Z,2025-02-07T21:20:10Z,2,0.45
C000770,C000983,D000279,2025-11-18T10:33:41Z,2026-04-11T07:52:13Z,21,0.92
C000771,C000837,D000491,2024-11-22T06:12:28Z,2026-03-27T10:08:25Z,4,0.38
C000692,C000772,D000864,2024-09-20T06:09:34Z,2025-12-01T23:59:09Z,16,0.87
C000692,C001106,D000864,2024-09-04T11:59:06Z,2025-10-30T12:06:19Z,22,0.88
C000772,C001106,D000864,2024-09-04T11:59:06Z,2025-12-01T23:59:09Z,28,0.98
C000611,C000773,D000005,2023-01-26T04:12:11Z,2026-04-15T02:48:29Z,21,0.91
C000163,C000779,D000432,2022-01-30T08:01:57Z,2026-03-05T02:35:30Z,22,0.86
C000163,C001099,D000432,2022-01-30T08:01:57Z,2025-06-30T22:37:08Z,3,0.47
C000779,C001099,D000432,2025-02-10T17:50:00Z,2026-03-05T02:35:30Z,25,0.98
C000788,C000924,D000770,2023-05-04T23:21:53Z,2026-04-18T17:17:57Z,27,0.98
C000790,C000804,D000173,2022-06-03T14:19:52Z,2024-12-08T01:37:20Z,27,0.98
C000791,C000965,D000641,2019-01-17T08:56:49Z,2026-03-29T13:35:40Z,4,0.56
C000792,C001038,D000645,2021-10-28T01:10:02Z,2026-03-30T07:44:15Z,17,0.87
C000792,C001114,D000645,2025-05-11T20:49:03Z,2026-03-30T07:44:15Z,23,0.96
C001038,C001114,D000645,2021-10-28T01:10:02Z,2025-05-30T17:41:40Z,11,0.52
C000425,C000796,D000492,2019-09-22T09:55:24Z,2025-06-13T14:15:16Z,22,0.78
C000425,C001055,D000492,2019-09-22T09:55:24Z,2026-01-05T06:08:20Z,7,0.43
C000796,C001055,D000492,2025-03-17T06:02:12Z,2026-01-05T06:08:20Z,14,0.78
C000149,C000451,D000776,2023-09-06T09:22:48Z,2025-12-18T23:53:32Z,3,0.44
C000149,C000797,D000776,2023-12-23T04:31:54Z,2026-02-14T08:47:38Z,3,0.41
C000451,C000797,D000776,2023-09-06T09:22:48Z,2026-02-14T08:47:38Z,25,0.98
C000798,C000937,D000840,2019-08-05T16:01:18Z,2022-12-29T14:51:21Z,28,0.98
C000798,C001009,D000840,2022-11-16T21:46:42Z,2024-08-22T21:02:13Z,28,0.98
C000937,C001009,D000840,2019-08-05T16:01:18Z,2024-08-22T21:02:13Z,14,0.64
C000799,C001163,D000575,2022-01-01T23:02:35Z,2026-04-10T09:32:12Z,9,0.61
C000802,C001009,D000788,2024-07-29T00:28:17Z,2026-01-12T23:04:48Z,28,0.98
C000286,C000805,D000363,2021-12-07T16:10:15Z,2023-08-04T10:25:22Z,15,0.84
C000381,C000806,D000229,2024-11-02T05:07:04Z,2026-03-29T08:59:08Z,17,0.70
C000807,C000918,D000072,2022-11-26T07:47:40Z,2026-01-06T09:16:41Z,22,0.94
C000809,C001087,D000662,2025-02-05T12:58:52Z,2026-02-06T22:58:44Z,26,0.98
C000810,C000931,D000197,2024-03-11T11:16:14Z,2026-02-11T11:29:03Z,21,0.98
C000810,C000955,D000197,2022-10-23T18:16:36Z,2025-11-08T14:55:43Z,13,0.69
C000931,C000955,D000197,2022-10-23T18:16:36Z,2026-02-11T11:29:03Z,6,0.45
C000813,C001168,D000159,2023-01-29T02:16:53Z,2024-10-18T04:26:55Z,12,0.76
C000015,C000814,D000371,2025-07-21T04:23:07Z,2026-04-20T08:03:00Z,24,0.98
C000039,C000818,D000595,2022-09-28T21:23:36Z,2025-10-29T15:17:18Z,27,0.98
C000039,C001091,D000595,2025-08-27T17:04:53Z,2026-04-20T12:14:37Z,23,0.81
C000818,C001091,D000595,2022-09-28T21:23:36Z,2026-04-20T12:14:37Z,26,0.97
C000490,C000819,D000579,2022-11-15T23:00:54Z,2025-10-19T23:02:38Z,3,0.37
C000490,C000964,D000579,2022-11-15T23:00:54Z,2026-04-10T03:16:03Z,5,0.51
C000819,C000964,D000579,2025-04-20T23:11:28Z,2026-04-10T03:16:03Z,4,0.43
C000302,C000820,D000897,2022-11-05T11:58:53Z,2025-12-02T00:29:58Z,4,0.52
C000302,C000980,D000897,2025-01-11T17:58:57Z,2026-02-23T17:25:09Z,5,0.39
C000302,C001146,D000897,2024-03-17T22:47:24Z,2025-12-02T00:29:58Z,19,0.95
C000820,C000980,D000897,2022-11-05T11:58:53Z,2026-02-23T17:25:09Z,9,0.66
C000820,C001146,D000897,2022-11-05T11:58:53Z,2025-03-21T20:52:27Z,20,0.92
C000980,C001146,D000897,2024-03-17T22:47:24Z,2026-02-23T17:25:09Z,20,0.82
C000821,C001174,D000589,2020-10-14T10:32:53Z,2025-05-29T23:47:03Z,8,0.62
C000822,C001024,D000731,2020-12-21T10:22:26Z,2025-03-15T12:35:27Z,18,0.87
C000432,C000824,D000353,2023-04-19T16:58:18Z,2026-03-07T00:56:15Z,10,0.65
C000716,C000828,D000551,2025-07-05T17:52:23Z,2026-03-20T21:42:23Z,20,0.89
C000716,C001112,D000551,2022-03-31T16:56:27Z,2026-03-20T21:42:23Z,7,0.40
C000828,C001112,D000551,2022-03-31T16:56:27Z,2025-11-01T01:51:46Z,3,0.41
C000829,C000929,D000508,2022-08-22T16:08:07Z,2025-07-08T11:57:42Z,17,0.70
C000829,C001142,D000508,2023-01-24T08:48:23Z,2026-01-01T06:33:22Z,16,0.77
C000929,C001142,D000508,2022-08-22T16:08:07Z,2026-01-01T06:33:22Z,16,0.85
C000831,C001181,D000212,2023-08-18T08:08:11Z,2025-02-26T12:04:37Z,11,0.72
C000832,C001013,D000755,2021-08-20T17:59:32Z,2024-02-04T11:41:58Z,22,0.98
C000674,C000833,D000304,2023-05-18T02:10:51Z,2026-04-11T04:45:48Z,27,0.98
C000674,C000914,D000304,2026-03-22T10:59:04Z,2026-04-18T09:26:04Z,16,0.86
C000833,C000914,D000304,2023-05-18T02:10:51Z,2026-04-18T09:26:04Z,11,0.53
C000834,C001171,D000704,2024-02-16T11:14:08Z,2026-04-08T14:32:53Z,9,0.67
C000839,C001117,D000191,2020-08-28T23:14:23Z,2025-10-30T19:57:27Z,19,0.83
C000840,C001138,D000636,2022-11-13T13:10:32Z,2025-12-08T15:24:50Z,14,0.64
C000844,C000926,D000075,2024-04-19T07:42:49Z,2026-03-21T14:43:43Z,5,0.48
C000028,C000846,D000262,2021-07-07T21:09:03Z,2025-09-19T23:37:57Z,26,0.98
C000028,C001043,D000262,2021-07-07T21:09:03Z,2025-09-19T23:37:57Z,22,0.87
C000846,C001043,D000262,2022-10-06T07:58:44Z,2025-01-12T21:32:53Z,17,0.75
C000847,C001096,D000042,2023-06-22T05:51:46Z,2026-04-13T23:42:40Z,8,0.43
C000849,C000973,D000117,2019-12-07T05:05:41Z,2026-01-28T02:22:06Z,3,0.39
C000849,C001069,D000117,2024-11-02T21:45:01Z,2026-04-03T15:15:41Z,13,0.58
C000973,C001069,D000117,2019-12-07T05:05:41Z,2026-04-03T15:15:41Z,11,0.61
C000305,C000720,D000532,2022-01-23T04:51:13Z,2026-01-19T23:13:01Z,25,0.98
C000305,C000854,D000532,2022-01-23T04:51:13Z,2025-09-07T13:16:36Z,4,0.53
C000305,C001132,D000532,2022-01-23T04:51:13Z,2025-04-21T12:44:31Z,25,0.98
C000305,C001188,D000532,2022-01-23T04:51:13Z,2025-03-25T23:51:21Z,21,0.82
C000720,C000854,D000532,2024-10-25T21:02:47Z,2026-01-19T23:13:01Z,16,0.85
C000720,C001132,D000532,2024-02-27T09:55:58Z,2026-01-19T23:13:01Z,20,0.77
C000720,C001188,D000532,2023-07-18T14:19:45Z,2026-01-19T23:13:01Z,27,0.98
C000854,C001132,D000532,2024-02-27T09:55:58Z,2025-09-07T13:16:36Z,26,0.98
C000854,C001188,D000532,2023-07-18T14:19:45Z,2025-09-07T13:16:36Z,4,0.43
C001132,C001188,D000532,2023-07-18T14:19:45Z,2025-04-21T12:44:31Z,9,0.64
C000291,C000753,D000553,2022-06-04T07:17:18Z,2026-02-24T05:00:52Z,28,0.95
C000291,C000855,D000553,2022-08-28T17:17:36Z,2026-02-24T05:00:52Z,16,0.80
C000291,C000933,D000553,2025-08-22T15:55:01Z,2026-02-24T05:00:52Z,17,0.65
C000291,C001089,D000553,2023-01-14T19:49:19Z,2026-02-24T05:00:52Z,10,0.71
C000291,C001155,D000553,2021-01-30T10:55:09Z,2026-02-24T05:00:52Z,21,0.95
C000753,C000855,D000553,2022-06-04T07:17:18Z,2025-01-30T14:47:59Z,23,0.98
C000753,C000933,D000553,2022-06-04T07:17:18Z,2025-12-28T23:59:09Z,11,0.72
C000753,C001089,D000553,2022-06-04T07:17:18Z,2025-01-30T14:47:59Z,2,0.50
C000753,C001155,D000553,2021-01-30T10:55:09Z,2025-09-29T05:59:36Z,5,0.37
C000855,C000933,D000553,2022-08-28T17:17:36Z,2025-12-28T23:59:09Z,22,0.98
C000855,C001089,D000553,2022-08-28T17:17:36Z,2024-09-28T09:24:50Z,23,0.96
C000855,C001155,D000553,2021-01-30T10:55:09Z,2025-09-29T05:59:36Z,13,0.71
C000933,C001089,D000553,2023-01-14T19:49:19Z,2025-12-28T23:59:09Z,22,0.82
C000933,C001155,D000553,2021-01-30T10:55:09Z,2025-12-28T23:59:09Z,28,0.98
C001089,C001155,D000553,2021-01-30T10:55:09Z,2025-09-29T05:59:36Z,22,0.83
C000427,C000856,D000245,2023-02-27T22:00:03Z,2024-10-21T11:53:55Z,7,0.49
C000427,C001179,D000245,2023-02-27T22:00:03Z,2026-03-19T03:22:33Z,27,0.98
C000856,C001179,D000245,2024-03-28T17:03:00Z,2026-03-19T03:22:33Z,4,0.40
C000088,C000586,D000047,2025-04-03T23:53:31Z,2026-04-06T22:40:37Z,26,0.98
C000088,C000859,D000047,2021-05-23T02:18:45Z,2026-04-06T22:40:37Z,25,0.91
C000088,C001141,D000047,2025-03-25T14:19:48Z,2026-04-06T22:40:37Z,5,0.58
C000586,C000859,D000047,2021-05-23T02:18:45Z,2026-01-31T06:57:54Z,14,0.75
C000586,C001141,D000047,2025-03-25T14:19:48Z,2026-01-31T06:57:54Z,16,0.75
C000859,C001141,D000047,2021-05-23T02:18:45Z,2026-01-23T20:01:18Z,28,0.97
C000125,C000860,D000220,2023-11-23T01:24:29Z,2025-12-03T02:01:45Z,18,0.82
C000277,C000793,D000050,2022-07-09T22:02:59Z,2026-01-04T08:34:20Z,27,0.98
C000277,C000861,D000050,2022-07-09T22:02:59Z,2026-03-23T06:26:48Z,8,0.58
C000277,C001200,D000050,2022-07-09T22:02:59Z,2026-02-18T01:55:00Z,13,0.60
C000793,C000861,D000050,2025-10-05T03:16:47Z,2026-03-23T06:26:48Z,26,0.91
C000793,C001200,D000050,2025-10-05T03:16:47Z,2026-02-18T01:55:00Z,20,0.87
C000861,C001200,D000050,2025-11-04T22:50:27Z,2026-03-23T06:26:48Z,16,0.77
C000766,C000867,D000189,2020-09-28T10:33:14Z,2024-11-14T02:50:57Z,15,0.85
C000766,C001075,D000189,2020-09-28T10:33:14Z,2026-04-09T23:56:27Z,20,0.90
C000867,C001075,D000189,2023-11-04T07:06:11Z,2026-04-09T23:56:27Z,21,0.82
C000868,C001016,D000702,2024-12-04T05:46:42Z,2025-06-08T15:02:26Z,7,0.62
C000872,C000925,D000239,2023-06-18T20:08:54Z,2026-02-20T11:28:04Z,24,0.91
C000872,C000947,D000239,2022-11-12T08:40:49Z,2026-02-24T02:38:03Z,15,0.77
C000872,C001116,D000239,2021-11-15T08:16:56Z,2026-02-20T11:28:04Z,19,0.89
C000872,C001124,D000239,2023-09-20T15:39:01Z,2026-02-20T11:28:04Z,23,0.98
C000925,C000947,D000239,2022-11-12T08:40:49Z,2026-02-24T02:38:03Z,4,0.50
C000925,C001116,D000239,2021-11-15T08:16:56Z,2025-12-03T23:47:56Z,12,0.67
C000925,C001124,D000239,2023-06-18T20:08:54Z,2025-12-03T23:47:56Z,14,0.65
C000947,C001116,D000239,2021-11-15T08:16:56Z,2026-02-24T02:38:03Z,17,0.72
C000947,C001124,D000239,2022-11-12T08:40:49Z,2026-02-24T02:38:03Z,16,0.86
C001116,C001124,D000239,2021-11-15T08:16:56Z,2024-10-02T12:55:38Z,23,0.86
C000874,C000950,D000070,2019-04-08T02:28:59Z,2026-04-04T02:14:04Z,26,0.98
C000875,C001070,D000871,2021-10-06T22:42:26Z,2026-02-17T04:14:25Z,15,0.81
C000876,C001165,D000037,2018-12-31T13:45:58Z,2025-06-19T22:04:56Z,5,0.47
C000475,C000878,D000860,2023-09-27T21:34:32Z,2026-03-08T14:48:52Z,15,0.60
C000299,C000699,D000412,2025-04-08T22:54:27Z,2026-04-12T08:04:09Z,4,0.40
C000299,C000879,D000412,2025-02-23T13:43:42Z,2026-04-12T08:04:09Z,10,0.66
C000699,C000879,D000412,2025-02-23T13:43:42Z,2026-03-08T02:09:41Z,6,0.61
C000880,C000969,D000762,2025-11-19T04:56:30Z,2026-03-31T23:40:43Z,19,0.89
C000173,C000445,D000109,2024-12-24T06:38:10Z,2025-10-05T20:06:28Z,28,0.96
C000173,C000881,D000109,2024-09-19T20:38:18Z,2025-02-19T11:31:12Z,18,0.83
C000445,C000881,D000109,2024-09-19T20:38:18Z,2025-10-05T20:06:28Z,17,0.67
C000343,C000883,D000689,2021-04-20T12:09:00Z,2025-01-28T21:34:02Z,9,0.63
C000177,C000885,D000460,2023-11-23T14:57:25Z,2026-02-25T18:59:58Z,22,0.79
C000022,C000890,D000153,2023-06-10T18:02:18Z,2025-01-11T14:41:45Z,5,0.52
C000892,C001049,D000740,2023-05-29T11:02:13Z,2025-12-10T14:28:15Z,13,0.80
C000893,C000917,D000676,2019-09-20T14:18:20Z,2025-06-09T21:03:49Z,19,0.74
C000900,C000909,D000833,2022-10-24T21:59:42Z,2026-01-23T22:30:16Z,10,0.58
C000900,C001128,D000833,2025-02-08T06:37:45Z,2026-01-23T22:30:16Z,9,0.48
C000909,C001128,D000833,2022-10-24T21:59:42Z,2025-03-31T19:23:52Z,24,0.98
